-- MariaDB dump 10.19  Distrib 10.4.24-MariaDB, for Win64 (AMD64)
--
-- Host: 127.0.0.1    Database: martech_ddtool_data
-- ------------------------------------------------------
-- Server version	10.4.24-MariaDB

/*!40101 SET @OLD_CHARACTER_SET_CLIENT=@@CHARACTER_SET_CLIENT */;
/*!40101 SET @OLD_CHARACTER_SET_RESULTS=@@CHARACTER_SET_RESULTS */;
/*!40101 SET @OLD_COLLATION_CONNECTION=@@COLLATION_CONNECTION */;
/*!40101 SET NAMES utf8mb4 */;
/*!40103 SET @OLD_TIME_ZONE=@@TIME_ZONE */;
/*!40103 SET TIME_ZONE='+00:00' */;
/*!40014 SET @OLD_UNIQUE_CHECKS=@@UNIQUE_CHECKS, UNIQUE_CHECKS=0 */;
/*!40014 SET @OLD_FOREIGN_KEY_CHECKS=@@FOREIGN_KEY_CHECKS, FOREIGN_KEY_CHECKS=0 */;
/*!40101 SET @OLD_SQL_MODE=@@SQL_MODE, SQL_MODE='NO_AUTO_VALUE_ON_ZERO' */;
/*!40111 SET @OLD_SQL_NOTES=@@SQL_NOTES, SQL_NOTES=0 */;

--
-- Table structure for table `activeparts`
--

DROP TABLE IF EXISTS `activeparts`;
/*!40101 SET @saved_cs_client     = @@character_set_client */;
/*!40101 SET character_set_client = utf8 */;
CREATE TABLE `activeparts` (
  `COL 1` varchar(31) DEFAULT NULL
) ENGINE=InnoDB DEFAULT CHARSET=utf8;
/*!40101 SET character_set_client = @saved_cs_client */;

--
-- Dumping data for table `activeparts`
--

LOCK TABLES `activeparts` WRITE;
/*!40000 ALTER TABLE `activeparts` DISABLE KEYS */;
INSERT INTO `activeparts` VALUES ('NS'),('PPM0623A'),('PPO1057'),('PPO1094E'),('PPO2566'),('PPO2568'),('PPO4449'),('PPO9085'),('RM3025'),('RM3027'),('RM5291'),('RM5329'),('TEST'),('30950'),('40183'),('40184'),('40185'),('40384FRENCH'),('40471PS'),('9000040A'),('9000057A'),('9010050A'),('9010052A'),('9010056A'),('9010058A'),('9010076A'),('9010093A'),('9020001A'),('9020006A'),('90500100A'),('9050025A'),('9050027A'),('9050060A'),('9050061A'),('9050087A'),('9050090A'),('9050091A'),('9050099A'),('9050102A'),('9050103A'),('9050105A'),('9050106A'),('9050107A'),('9050109A'),('9060011A'),('9060012A'),('9060013A'),('9070001A'),('9070002A'),('9070005A'),('9070006A'),('9070007A'),('9070008A'),('9070010A'),('9070012A'),('9070013A'),('9070014A'),('9070015A'),('9070016A'),('90800010'),('9900061A'),('9900063A'),('9900064A'),('9900065A'),('9900066A'),('9900068A'),('9900075A'),('AC1511M-6'),('AC1525'),('AC3170'),('AC3171'),('AC3501'),('AC4118P'),('AC4119P'),('AC4121P'),('AC4122P'),('AC5304K'),('AC7286'),('AC7315'),('AC7316'),('MS4900'),('MS5602'),('PPM0731A-1'),('PPM0731A-10'),('PPM0731A-11'),('PPM0731A-12'),('PPM0731A-13'),('PPM0731A-14'),('PPM0731A-15'),('PPM0731A-16'),('PPM0731A-17'),('PPM0731A-18'),('PPM0731A-19'),('PPM0731A-2'),('PPM0731A-20'),('PPM0731A-3'),('PPM0731A-4'),('PPM0731A-5'),('PPM0731A-6'),('PPM0731A-7'),('PPM0731A-8'),('PPM0731A-9'),('PT3031'),('RM4009'),('RM4010'),('RM5081'),('RM5099'),('RM5192'),('RM5260'),('SA1040'),('SA1140'),('SA1183'),('SA1361'),('SA1606'),('SA1607'),('SA1608'),('SA1609'),('SA2127'),('SA2738'),('SA2860'),('SA2862'),('SA3800'),('SA3803'),('SA4365M'),('SA5531'),('SA5559'),('SA7357'),('10514'),('10576'),('10576-1'),('10576-2'),('30780-66'),('AC1707IJG'),('AC1736'),('AC1771G'),('NI001'),('N1000'),('N1000A'),('N1005'),('N1006'),('N1023'),('N1033'),('N1041'),('N1044A'),('N1046'),('N1055'),('N1075'),('N1076'),('N1085'),('N1086'),('N1087'),('N1088'),('N1089'),('N1090'),('N1999'),('N2016'),('N2017'),('N2018'),('N2054'),('N2055'),('N2056'),('N2057'),('N2058'),('N2059'),('N2060'),('N2063'),('N2084'),('N2099'),('N3002'),('N3008'),('N3009'),('N3020'),('N3021'),('N3022'),('N3023'),('N3025'),('N3028'),('PC1025'),('PE1011'),('PE1045'),('PE1061'),('PE1070'),('PE1071'),('PE1074A'),('PE1074B'),('PE1084G'),('PE1085B'),('PE1090'),('PE1094'),('PE1103'),('PE1109'),('PE1110S'),('PE1111.5'),('PE1111S'),('PE1112S'),('PE1119'),('PE1144'),('PE1144-14'),('PE1148'),('PE1148NS'),('PE1149'),('PE1151.5'),('PE1153'),('PE1154'),('PE1154.5S'),('PE1155'),('PE1156'),('PE1157'),('PE1158'),('PE1159'),('PE1160'),('PE1161'),('PE1162'),('PE1162S'),('PE1166'),('PE1167'),('PE1171'),('PE1173'),('PE1174'),('PE1178'),('PE1180'),('PE1183'),('PE1192'),('PE1194'),('PE1195'),('PE1198'),('PE1198-9'),('PE1201'),('PE1211'),('PE1214'),('PE1218'),('PE1220'),('PE1221'),('PE1222'),('PE1223'),('PE1224'),('PE1225'),('PE1227'),('PE1229'),('PE1230'),('PE1232'),('PE1233'),('PE1235'),('PE1241'),('PE1245'),('PE1263'),('PE1265'),('PE1266'),('PE1280'),('PE1294'),('PE1301'),('PE1302'),('PE1860'),('PE1861'),('PE1862'),('PE2006'),('PE2009'),('PE2009-6'),('PE2011'),('PE2013'),('PE4101GL'),('PE4124'),('PE4125'),('PE4130'),('PE4201GL'),('PE4202GL'),('PE4202GL-10'),('PE4202GLS'),('PE4203GL'),('PE4204GL'),('PE4205GL'),('PE4206GL'),('PE4206GLS'),('PE4207GL'),('PE4208GL'),('PE4209GL'),('PE4210GL'),('PE4211GL'),('PE4212A'),('PE4212GL'),('PE4213A'),('PE4213GL'),('PE4214A'),('PE4214GL'),('PE4215GL'),('PE4218GLS'),('PE4219GLS'),('PE4223GL'),('PE4322'),('PE4450'),('PE4660'),('PE6002'),('PE6006A'),('PE6016'),('PE6024'),('PE6032'),('PE6048'),('PE6049'),('PE6050'),('PE6055'),('PE6091'),('PE7002'),('PE8802'),('PE8803'),('PE8806'),('PE8809'),('PE8813'),('PE8815'),('PE8824'),('PE9026'),('PP1061'),('PP1062'),('PP1144A'),('PT1114'),('PT1118'),('PT1150'),('PT1151'),('PT1156'),('PT1172'),('PT1184-H'),('PT1211'),('PT13002'),('PT14015'),('PT14015A'),('PT14015B'),('PT14016'),('PT14017'),('PT14025'),('PT14026'),('PT14044'),('PT14044-16'),('PT14047'),('PT14049'),('PT14050'),('PT14051'),('PT14051-H'),('PT14052'),('PT14052-H'),('PT14060'),('PT14060-H'),('PT14061'),('PT14062'),('PT14063'),('PT14063-H'),('PT14066'),('PT14072A'),('PT14072B'),('PT14094'),('PT15003-H'),('PT15003A'),('PT15003C'),('PT17001'),('PT17001-H'),('PT17004'),('PT17004-H'),('PT17005'),('PT17005-H'),('PT17027'),('PT17030'),('PT17036'),('PT17043'),('PT17044'),('PT17045'),('PT17051'),('PT17066'),('PT18038'),('PT18039'),('PT18039K'),('PT18040'),('PT18041'),('PT18042'),('PT18043'),('PT18044'),('PT18045'),('PT18046'),('PT18047'),('PT18050'),('PT18051'),('PT18051A'),('PT18052'),('PT18057'),('PT18057-H'),('PT18059'),('PT18059-H'),('PT18060'),('PT18061'),('PT18065'),('PT18065-H'),('PT18066'),('PT18068'),('PT18086'),('PT18090'),('PT18098'),('PT18102'),('PT18102-H'),('PT18102A'),('PT18104'),('PT18109'),('PT18131'),('PT18137'),('PT18142'),('PT18157'),('PT18168'),('PT18170'),('PT18171'),('PT18172'),('PT18173'),('PT18178'),('PT18179'),('PT18187'),('PT18189'),('PT18191'),('PT18219'),('PT18220'),('PT18221'),('PT18222'),('PT18223'),('PT18301'),('PT18302'),('PT18306'),('PT18307'),('PT18308'),('PT18309'),('PT18312'),('PT18315'),('PT18316'),('PT18317'),('PT18319'),('PT18320'),('PT18321'),('PT18322'),('PT18323'),('PT18331'),('PT18333'),('PT18334'),('PT18345'),('PT18367'),('PT18368'),('PT18420'),('PT18421'),('PT18501'),('PT18506'),('PT18508'),('PT18513'),('PT18515'),('PT18516'),('PT18520'),('PT18521'),('PT18525'),('PT18526'),('PT18527'),('PT18528'),('PT18530-10'),('PT18530-14'),('PT18531-10'),('PT18531-14'),('PT18532-10'),('PT18533-10'),('PT18533-12'),('PT18536'),('PT18537'),('PT18538'),('PT18539'),('PT18540'),('PT18541'),('PT18542'),('PT18543'),('PT18544'),('PT18545'),('PT18641'),('PT18643'),('PT18645'),('PT18706'),('PT18708'),('PT18710'),('PT18713'),('PT18736'),('PT18738'),('PT18739'),('PT2118ECOIL'),('PT2122ECOIL'),('PT3031-1'),('PT3033'),('PT3034'),('PT3040'),('PT5018'),('PT6034YC'),('PT6035YC'),('PT6036YC'),('PT7016-65'),('PT7049A'),('PT7050'),('PT7053'),('PT7055'),('PT7059'),('PT7060'),('PT7061'),('PT7062'),('PT7064'),('PT7065'),('PT7070'),('PT7071'),('PT7072'),('PT7073'),('PT7074'),('PT7075'),('PT7076'),('PT8002'),('PT8002-H'),('PT8002C'),('PT8002E'),('PT8003'),('PT8003-H'),('PT8003C'),('PT8006'),('PT8007'),('PT8007-H'),('PT8019'),('PT8025'),('PT8031'),('PT8034'),('PT8034-H'),('PT8043'),('PT8052'),('PT8060'),('PT8062'),('PT8065'),('PT8066'),('PT8067'),('PT8068'),('PT8072'),('PT8083'),('PT8084'),('PT8085'),('PT8086'),('PT8094'),('PT8098'),('PT9003'),('PT9016'),('RM1039C'),('RM4003'),('RM4011'),('RM4018'),('RM4020'),('RM4020A'),('RM4020R'),('RM4022'),('RM4029'),('RM4029C'),('RM5001A'),('RM5194'),('T1004'),('T1005'),('T1006'),('T1007'),('T1019'),('T1025'),('T1026'),('T1852'),('T2002'),('T2003'),('T2003A'),('T2008'),('T2010'),('T2010L'),('T2035B'),('T2036'),('T2036A'),('T2038'),('T2039'),('T2039A'),('T2039C'),('T2040'),('T2040B'),('T2048C'),('T2049A'),('T2050A'),('T2053A'),('T2057'),('T2058'),('T2094'),('T2095'),('T2096'),('T2109'),('T2109A'),('T2110'),('T2121'),('T2122'),('T2123'),('T2124'),('T2126'),('T2130'),('T2131'),('T2132'),('T2136'),('T2179'),('T4003'),('T4005'),('T4006'),('T4008'),('T4009'),('T4012'),('T4013'),('T4014'),('T4015'),('T4016'),('T4017'),('T4018'),('T4021'),('T4022'),('T4024'),('T4025'),('T4026'),('10130-060'),('10394-050'),('10450-060'),('10467-055'),('10527-060'),('10528-060'),('10529-060'),('10534-060'),('10535-060'),('10536-060'),('10556-060'),('10558-050'),('10561-055'),('10563-060'),('10568-060'),('10571-060'),('10600-060'),('10602-055'),('10612-060'),('10655-055'),('10662-000'),('10672'),('10685-055'),('10686-055'),('10687-055'),('10705-015'),('10706-008'),('10707-010'),('AC5207'),('AC6100'),('AC6101'),('AC6101WL'),('AC6102'),('CS1136'),('CS1614'),('CS4217'),('CS4240'),('CS4241'),('CS4243'),('CS4244'),('ML0001'),('ML0038'),('ML0041'),('ML0043'),('ML0049'),('PPM0521A'),('PPO1002'),('PPO10189'),('PPO1052'),('PPO1054'),('PPO1055'),('PPO1094D'),('PPO1094F'),('PPO1096G'),('PPO1210'),('PPO1213'),('PPO1301'),('PPO1368'),('PPO1396'),('PPO1402A'),('PPO1456'),('PPO1496'),('PPO1523'),('PPO1524'),('PPO1549'),('PPO1573'),('PPO1574'),('PPO1597'),('PPO1640'),('PPO1641'),('PPO1654'),('PPO1656'),('PPO1666'),('PPO1698'),('PPO1713'),('PPO1714'),('PPO1721'),('PPO1722'),('PPO1736'),('PPO1742'),('PPO1747'),('PPO1752'),('PPO1772'),('PPO1801'),('PPO1802'),('PPO1803'),('PPO1803G'),('PPO1804'),('PPO1811'),('PPO1812'),('PPO1813'),('PPO1814'),('PPO1860'),('PPO1861'),('PPO1862'),('PPO1863'),('PPO1864'),('PPO1864A'),('PPO1865'),('PPO1866'),('PPO1866A'),('PPO1867'),('PPO1868'),('PPO1869'),('PPO1870'),('PPO1871'),('PPO1872'),('PPO1875'),('PPO1955'),('PPO1958'),('PPO1959'),('PPO1961'),('PPO1962'),('PPO2004'),('PPO2005'),('PPO2026'),('PPO2027'),('PPO2028'),('PPO2029'),('PPO2030'),('PPO2041'),('PPO2055'),('PPO2100'),('PPO2199'),('PPO2200'),('PPO2201'),('PPO2202'),('PPO2203'),('PPO2204'),('PPO2205'),('PPO2206'),('PPO2207'),('PPO2208'),('PPO2209'),('PPO2210'),('PPO2483'),('PPO2485'),('PPO2527'),('PPO2528'),('PPO2529'),('PPO2537'),('PPO2538'),('PPO2539'),('PPO2541'),('PPO2544'),('PPO2545'),('PPO2546'),('PPO2547'),('PPO2548'),('PPO2550'),('PPO2551'),('PPO2553'),('PPO2803'),('PPO3008'),('PPO3920'),('PPO4120'),('PPO4127'),('PPO4375'),('PPO4376'),('PPO4415'),('PPO4416'),('PPO4417'),('PPO4418'),('PPO4418-12'),('PPO4419'),('PPO4445'),('PPO4447'),('PPO4461'),('PPO4462'),('PPO4505'),('PPO4506'),('PPO4509'),('PPO4523'),('PPO4524'),('PPO4547'),('PPO4548'),('PPO5000'),('PPO5001'),('PPO5719'),('PPO6921'),('PPO7010'),('PPO7011'),('PPO9004'),('PPO9005'),('PPO9014'),('PPO9021'),('PPO9023'),('PPO9024'),('PPO9025'),('PPO9029'),('PPO9032'),('PPO9036'),('PPO9039'),('PPO9040'),('PPO9041'),('PPO9053'),('PPO9054'),('PPO9063'),('PPO9069'),('PPO9072'),('PPO9074'),('PPO9078'),('PPO9079'),('PPO9080'),('PPO9081'),('PPO9082'),('PPO9083'),('PPO9084'),('PPO9087'),('RM1001'),('RM1001E'),('RM1002'),('RM1003'),('RM1003A'),('RM1022'),('RM1024'),('RM1029'),('RM1029Y'),('RM1030T'),('RM1030TX'),('RM1030TY'),('RM1031'),('RM1049'),('RM1063'),('RM1064'),('RM1083'),('RM1087'),('RM1090'),('RM1092'),('RM1093'),('RM1094'),('RM1095'),('RM1096'),('RM1097'),('RM1100'),('RM1102'),('RM1105'),('RM2001'),('RM2035'),('RM2036'),('RM2039'),('RM3007'),('RM3009'),('RM3010'),('RM3030'),('RM3035'),('RM3038'),('RM3041'),('RM3045'),('RM3058'),('RM3059'),('RM3060'),('RM3061'),('RM3068'),('RM3074'),('RM3084'),('RM3092'),('RM3102'),('RM4000'),('RM4020B'),('RM4053'),('RM4060'),('RM4066'),('RM4066B'),('RM4066BT'),('RM4066R'),('RM4067'),('RM4072'),('RM4075'),('RM4079'),('RM4080'),('RM4081'),('RM4082'),('RM4089A'),('RM4091'),('RM4102'),('RM4107'),('RM4111'),('RM4129'),('RM4134'),('RM4135'),('RM4149'),('RM4158'),('RM4170'),('RM4173'),('RM4175EL'),('RM4177'),('RM4177A'),('RM4181'),('RM4187'),('RM4190LP'),('RM4201'),('RM4205'),('RM4205A'),('RM4206'),('RM4210'),('RM4216'),('RM4228'),('RM4230'),('RM4232'),('RM4246'),('RM4264'),('RM4265'),('RM4267'),('RM4271'),('RM4293'),('RM4298'),('RM4299'),('RM4300'),('RM4300G'),('RM4301'),('RM4301G'),('RM4302'),('RM4317'),('RM4319'),('RM5051A'),('RM5092'),('RM5109'),('RM5116'),('RM5125'),('RM5125T'),('RM5148'),('RM5176'),('RM5178'),('RM5229'),('RM5257'),('RM5262'),('RM5269'),('RM5271'),('RM5275'),('RM5287'),('RM5290'),('RM5316'),('RM5325'),('RM5330'),('RM5336'),('RM5337'),('RM5338'),('RM5342'),('RM5348'),('RM5358'),('RM5359'),('RM5364'),('RM5365'),('RM5366'),('RM5368'),('RM5369'),('RM5377'),('RM5378'),('RM5379'),('RM5380'),('RM5382'),('RM5385'),('RM5386'),('RM5387'),('RM5392'),('RM5393'),('RM5394'),('RM5394A'),('RM5396'),('RM5397'),('RM5399'),('RM5428'),('RM5447'),('RM5448'),('RM5450'),('RM5457'),('RM5479'),('RM5485'),('RM5489'),('RM5490'),('RM5495'),('RM5496'),('RM5505'),('RM5508'),('RM5509'),('RM5513'),('RM5551'),('RM5552'),('RM5553'),('RM5554'),('RPK-01'),('SA1068A'),('SA1068E'),('SA1068F'),('SA1068R'),('SA1068S'),('SA1068T'),('SR150'),('SR200'),('SR233'),('3000'),('003001T'),('3004'),('3064'),('003064-110-12'),('3083'),('3105'),('3107'),('003115P'),('003118P'),('003120P'),('3121'),('003121P'),('3122'),('003122P'),('3143'),('3144'),('3165'),('3176'),('003176M'),('3177'),('003177M'),('3178'),('3197'),('003314AM-100'),('003315AM-100'),('003316AM-100'),('003317AM-100'),('003322P'),('4010'),('4011'),('4012'),('4014'),('4015'),('4019'),('4021'),('4046'),('4049'),('10295-4'),('10389'),('10601-960-001'),('10634-080'),('10634-090'),('10634-100'),('10634-110'),('10634-120'),('10634-130'),('10634-140'),('10634-150'),('10634-160'),('1258'),('1327'),('2476'),('2560'),('2581'),('2605'),('2624'),('2625'),('2634'),('2644'),('2645'),('30046'),('30052'),('30059'),('30059P'),('3006'),('30083P'),('30107'),('30107P'),('3011-3636'),('30115'),('30115T'),('30117T'),('30133'),('30140P'),('30143-3'),('30153'),('30177-070-06'),('30177-070-13'),('30177-090-15'),('30177-140-14'),('30177-150-19'),('30177-160-19'),('3019'),('30198-033'),('30198-035'),('30198-075'),('30198-085'),('30202'),('30283'),('30283T'),('30290-040'),('30304'),('30306'),('30316'),('30319'),('30321-075'),('30330-014'),('30330-018'),('30331'),('30347-295U'),('30347-296U'),('30353-030'),('30353-060'),('3036P'),('30372T'),('30376'),('30377'),('30411'),('30413'),('30415-018-070'),('30415-018-080'),('30415-018-13065'),('30418-021-275EW'),('30419'),('30423'),('30428'),('30430'),('30466-103'),('30509'),('3051'),('30522'),('30529'),('30544-080'),('30550'),('30557'),('30559-150M'),('30559-166M'),('30559-300M'),('30560-166-1M'),('30560-180M'),('30563-766'),('30563-780'),('30564-750'),('30564-766'),('30564-780'),('30565'),('30568-750'),('30568-766'),('30568-780'),('30569'),('30570'),('30579-800'),('30580-300'),('30594-300'),('30596-300'),('3060'),('30611-14-065'),('30634-1'),('30634-2'),('30635'),('3064'),('30646'),('3066'),('30661'),('30672'),('30686AM-100'),('30690'),('30690-1'),('30697-1'),('30697-2'),('3070'),('3070M'),('30713'),('30715'),('3072'),('30740'),('30740P'),('30752'),('30778-018-13055'),('30778-018-13060'),('30779-016-130'),('30780-10'),('30780-102'),('30780-110'),('30780-111'),('30780-112'),('30780-113'),('30780-114'),('30780-40'),('30780-54'),('30786'),('30795-019-050'),('30795-019-075'),('30795-019-100'),('30795-019-150'),('30795-020-063'),('30795-020-075'),('30795-022-100'),('30798'),('30799P'),('30800'),('30805'),('30805P'),('30825-018-080'),('30826-1'),('30826-2'),('30832'),('3086M'),('30865'),('3089'),('30909'),('30910'),('30911'),('30913'),('30914'),('30915'),('30916'),('30919'),('30924'),('30929'),('30930'),('30936'),('30937'),('30939'),('30940'),('30941'),('30944'),('30945'),('30948'),('30952'),('30953'),('30954'),('30955'),('30956'),('30962-021'),('3106'),('3138'),('3143'),('3146'),('3149'),('3150'),('3153'),('3160'),('3189G-J'),('3190G-J'),('3209P'),('3222'),('3226'),('3249P'),('3253P'),('3358'),('3457T'),('3535'),('3579'),('3580'),('3635'),('3661'),('3771'),('3772'),('3833'),('3852T'),('3885'),('3910'),('3978'),('40001T'),('40002'),('40027'),('40098'),('40104'),('40110'),('4024'),('4025'),('40256'),('40298PIP'),('40298PIP-D'),('40302'),('40361'),('40368'),('40387'),('40393-5'),('4041'),('40426'),('40427-000-01'),('40427-000-02'),('40427-200-01'),('40427-200-02'),('40430-000-01'),('40431'),('40439PIP'),('40440'),('40443'),('40444'),('40448'),('40449'),('40463'),('40472PIP-DT'),('40478'),('40483'),('40486-000-02'),('40494'),('40503'),('40513PIP-CT'),('40543'),('40546'),('40547'),('40557'),('40563'),('40563US'),('40564'),('40564US'),('40579'),('40590'),('40596'),('40617-1'),('40617-2'),('40617-3'),('40618-1'),('40618-2'),('40618-3'),('40619-1'),('40619-2'),('40620'),('40620G-1'),('40620G-2'),('40621-1'),('40621-2'),('40622-1'),('40622-2'),('40623'),('40624'),('40625'),('40628'),('40629PIP'),('40630PIP'),('40686'),('40688'),('40692'),('40752'),('40759'),('4076'),('40760'),('40765-000-01'),('4078'),('40780'),('4088'),('4089-1'),('4114-1'),('4114G'),('4114G-1'),('4130'),('4134'),('4141'),('4142'),('4143'),('4144'),('4145'),('4148'),('4148-2'),('4148-3'),('4150'),('4190'),('4190T'),('4214'),('4255'),('4255T'),('4289T'),('4343'),('4639'),('4648T'),('4731-1'),('4732-1'),('4732-2'),('4827'),('4827-1'),('4976'),('5031'),('5083'),('5095'),('5105'),('5332'),('5356'),('5552-2'),('5555'),('5653'),('5721'),('5731'),('5732'),('8288-200-3CP'),('9020017A'),('9070017A'),('95073-816-016'),('95074-820-016'),('95075-816-016'),('95076-820-016'),('95077-822-016'),('PPM0063A'),('PPM0111A'),('PPM0114A'),('PPM0115A'),('PPM0220A'),('PPM0221B'),('PPM0246A'),('PPM0250A'),('PPM0251A'),('PPM0252A'),('PPM0253A'),('PPM0254A'),('PPM0254C'),('PPM0254U'),('PPM0259A'),('PPM0292A'),('PPM0297U'),('PPM0305B'),('PPM0329A'),('PPM0370A'),('PPM0461A'),('PPM0461N'),('PPM0462A'),('PPM0462N'),('PPM0463A'),('PPM0463N'),('PPM0464N'),('PPM0495A'),('PPM0496A'),('PPM0621A'),('PPM0625A'),('PPM0627A'),('PPM0627G'),('PPM0635GM'),('PPM0728A'),('PPM1029'),('PPM1422'),('PPM1536'),('PPM1586'),('PPM3010'),('PPM4064'),('PPM4079'),('PPM4082'),('PPM4085B'),('PPM4085P'),('RM4006'),('RM4007'),('RM4013'),('RM4016'),('RM4017'),('RM5052'),('RM5053'),('RM5094'),('RM5098'),('RM5111'),('10679-1'),('10679-2'),('10679-3'),('10751'),('MP0081'),('MP0180'),('MP5081-T'),('MP5081-1-T'),('MP5241'),('SA3031'),('PT1016E'),('PT1016ECOIL'),('PT1040AECOIL'),('PT1070COIL'),('PT1072ECOIL'),('PT1077AE'),('PT1077ECOIL'),('PT1078AE'),('PT1078E'),('PT1078ECOIL'),('PT1079ECOIL'),('PT2012COIL'),('PT2020COIL'),('PT2020ECOIL'),('PT2021ECOIL'),('PT2022ECOIL'),('PT2025COIL'),('PT2026ECOIL'),('PT2032ECOIL'),('PT2033ECOIL'),('PT2045ECOIL'),('PT2046ECOIL'),('PT2049ECOIL'),('PT2064ECOIL'),('PT2069A'),('PT2069COIL'),('PT2069ECOIL'),('PT2072ECOIL'),('PT2073A'),('PT2073COIL'),('PT2075COIL'),('PT2075ECOIL'),('PT2082ECOIL'),('PT2084A'),('PT2094ECOIL'),('PT2095COIL'),('PT2095ECOIL'),('PT2115COIL'),('PT2116COIL'),('PT2116ECOIL'),('PT2120ECOIL'),('PT2121ECOIL'),('PT2123COIL'),('PT2123ECOIL'),('PT2128AE'),('PT2130ECOIL'),('PT2131ECOIL'),('PT2151ECOIL'),('PT2202E'),('PT2202ECOIL'),('PT2211COIL'),('SA51817'),('AC1410G'),('AC1412-HG'),('AC1424-HG'),('AC5205'),('PPM4079-RS'),('PPO1053'),('PPO1094'),('PPO1108-G'),('PPO1109-HG'),('PPO1423'),('PPO1426'),('PPO1427'),('PPO1428'),('PPO1430'),('PPO1431'),('PPO1432'),('PPO1433'),('PPO1436'),('PPO1438'),('PPO1452'),('PPO1454'),('PPO1465'),('PPO1466'),('PPO1593'),('PPO1739'),('PPO1740'),('PPO1744'),('PPO1745'),('PPO1801T'),('PPO1802T'),('PPO1818'),('PPO1837'),('PPO1858'),('PPO1901'),('PPO2017'),('PPO2156'),('PPO2221'),('PPO2222'),('PPO2223'),('PPO2224'),('PPO2225'),('PPO2226'),('PPO2401'),('PPO2402'),('PPO2403'),('PPO2404'),('PPO2405'),('PPO2406'),('PPO2407'),('PPO2409'),('PPO2410'),('PPO2411'),('PPO2412'),('PPO2413'),('PPO2415'),('PPO2416'),('PPO2417'),('PPO2418'),('PPO2419'),('PPO2420'),('PPO2421'),('PPO2425'),('PPO2426'),('PPO2437'),('PPO2438'),('PPO2439'),('PPO2440'),('PPO2441'),('PPO2442'),('PPO2443'),('PPO2444'),('PPO2445'),('PPO2446'),('PPO2447'),('PPO2448'),('PPO2449'),('PPO2450'),('PPO2451'),('PPO2486'),('PPO2490'),('PPO2530'),('PPO2531'),('PPO2542D'),('PPO2567'),('PPO2569'),('PPO3032C'),('PPO3060K'),('PPO3500'),('PPO3501'),('PPO3502'),('PPO4005'),('PPO4145'),('PPO4231'),('PPO4232'),('PPO4373'),('PPO4374'),('PPO4400'),('PPO4434'),('PPO4435'),('PPO4437'),('PPO4439'),('PPO4440'),('PPO4448'),('PPO4457'),('PPO4549'),('PPO9018'),('PPO9027'),('PPO9037'),('PPO9056'),('PPO9070'),('RM2014'),('RM2018'),('RM2028'),('RM2029'),('RM2040'),('RM2218'),('RM4043'),('RM4044'),('RM4045'),('RM4047'),('RM4054'),('RM4071'),('RM4097'),('RM4137'),('RM4138'),('RM4153'),('RM4154'),('RM4157'),('RM4159'),('RM4160'),('RM4163'),('RM4168'),('RM4182'),('RM4218'),('RM4226'),('RM4243'),('RM4245'),('RM4247'),('RM4277'),('RM4314'),('RM4321'),('RM4322'),('RM4324'),('RM4326'),('RM4327'),('RM4328'),('RM4329'),('RM4330'),('RM5231'),('RM5232'),('RM5233'),('RM5234'),('RM5258'),('RM5263'),('RM5274'),('RM5283'),('RM5284'),('RM5298'),('RM5307'),('RM5313'),('RM5320'),('RM5322'),('RM5323'),('RM5324'),('RM5339'),('RM5388'),('RM5389'),('RM5390'),('RM5491'),('3302'),('003302AM'),('003302AM-100'),('3303'),('3304'),('3305'),('3306'),('3307'),('3308'),('3309'),('003309AM-100'),('3310'),('3311'),('3313'),('3314'),('3315'),('3316'),('3317'),('004026BSI'),('004030-1BSI'),('004030BSI'),('004030PS'),('004030US'),('004050-1BSI'),('004050-1PS'),('004050BSI'),('004050PS'),('2608'),('2627'),('3000P'),('3001P'),('30042-003'),('30078G'),('30123-890-100'),('30192-285'),('30253-1'),('30253-2'),('30339-430-1'),('30339-430-2'),('30339-625-1'),('30339-625-2'),('30347-500'),('30347-500P'),('30358'),('30474-890-100'),('30489-500'),('30489-500P'),('30501-04-18'),('30505-812-000S'),('30505-815-000S'),('30505-820-000S'),('30505-824-000S'),('30505-830-000S'),('30540-815-100'),('30540-818-100'),('30540-824-100'),('30559-300SFM'),('30560-300SFM'),('30561-300SFM'),('30562-300SFM'),('30563-766SF'),('30563-780SF'),('30563-796SF'),('30564-766SF'),('30564-780SF'),('30568-750SF'),('30568-766SF'),('30580-300SF'),('30585-815-100'),('30585-822-100'),('30612'),('30622-680CT'),('30622-696CT'),('30656'),('30685'),('30692-640'),('30694'),('30703'),('30743'),('30745'),('30780-100'),('30780-115'),('30780-14'),('30780-22'),('30780-27'),('30780-33'),('30780-81'),('30829'),('30838'),('30839'),('30863'),('30882'),('30931'),('30935'),('30946'),('30961'),('30963'),('30964'),('30965'),('30966'),('30978'),('30979'),('3115P'),('3147'),('3189G'),('3190G'),('3208P'),('3213G'),('3275G'),('3289G'),('3290-828-100'),('3290-835-100'),('3293G'),('3294G'),('3297'),('3298'),('3299'),('3306G'),('3310G'),('3359G'),('3718P'),('3729P'),('3735'),('3774'),('3952'),('3953'),('3954'),('3955'),('40000BSI'),('40008-1BSI'),('40008BSI'),('40008US'),('40017-C'),('40017-J'),('40017BSI'),('40017US'),('40024'),('40024-1BSI'),('40024BSI'),('40024PS'),('40024PS-1'),('40025'),('40025-1BSI'),('40025BSI'),('40025M'),('40025PS'),('40025PS-1'),('40033PS'),('40039PS'),('40039US'),('40040BSI'),('40040PS'),('40041-C'),('40041BSI'),('40041BSI-RU'),('40043-1BSI'),('40043BSI'),('40043PS'),('40043US'),('40044PS'),('40050-1BSI'),('40050BSI'),('40050US'),('40057US'),('40058-1BSI'),('40058BSI'),('40058US'),('40062-1BSI'),('40062BSI'),('40067US'),('40081BSI'),('40081US'),('40100-1BSI'),('40100BSI'),('40124-1BSI'),('40124BSI'),('40158-1BSI'),('40158BSI'),('40158US'),('40168-1BSI'),('40168BSI'),('40175-1BSI'),('40175BSI'),('40179-BSI'),('40179-1BBSI'),('40179-1BSI'),('40179-2BSI'),('40179-2US'),('40179BSI'),('40179US'),('40180-1BSI'),('40180-2-C'),('40180-2BSI'),('40180BSI'),('40180US'),('40183BSI'),('40183US'),('40184BSI'),('40184US'),('40185-1BSI'),('40185BSI'),('40185US'),('40191-C'),('40191BSI'),('40191US'),('40210US'),('40212-C'),('40212-1BSI'),('40212BSI'),('40212PS'),('40212US'),('40213-C'),('40213-1BSI'),('40213BSI'),('40213BSI-1'),('40213PS'),('40213PS-1'),('40213US'),('40215-1BSI'),('40215BSI'),('40215PS'),('40215PS-1'),('40219BSI'),('40223'),('40226BSI'),('40230BSI'),('40230PS'),('40233BSI'),('40235US'),('40247-C'),('40247-1BSI'),('40247BSI'),('40247US'),('40258-1BSI'),('40258BSI'),('40258PS'),('40258US'),('40260-1BSI'),('40260BSI'),('40260PS'),('40271-C'),('40271-1BSI'),('40271BSI'),('40271BSI-1'),('40271PS'),('40271PS-1'),('40271US'),('40279-1BSI'),('40279BSI'),('40279PS'),('40279PS-1'),('40287US'),('40296-1BSI'),('40296BSI'),('4030-1BSI'),('4030BSI'),('4030PS'),('40305-1BSI'),('4031-C'),('4031-1BSI'),('4031BSI'),('4031US'),('4031US-KR'),('40340US'),('40343-1BSI'),('40343BSI'),('40347BSI'),('40351'),('40376-1BSI'),('40376BSI'),('40376US'),('40379-1BSI'),('40379BSI'),('40379US'),('40384FRENCHBSI'),('40391-1US'),('40391BBSI'),('40391BSI'),('40391US'),('40396US'),('40397-C'),('40397-1BSI'),('40397BSI'),('40397US'),('40397US-SP'),('40398-1BSI'),('40398BSI'),('40398US'),('40407-C'),('40418-1BSI'),('40418BSI'),('40418US'),('40422-1BSI'),('40423-1BSI'),('40423BSI'),('40435US'),('40438US'),('40463BSI'),('40465-1BSI'),('40465BSI'),('40465US'),('40471-1BSI'),('40471BSI'),('40471US'),('40476-1BSI'),('40476BSI'),('40476US'),('40477BSI'),('40480-1'),('40480-1BSI'),('40480BSI'),('40480US'),('40485-1BSI'),('40485BSI'),('40485BSI-RU'),('40485US'),('40496'),('40507-1BSI'),('40507BSI'),('40507BSI-1'),('40507US'),('40508BSI'),('40508BSI-1'),('40508US'),('40514-1BSI'),('40514BSI'),('40514US'),('40515-1'),('40516'),('40516-1BSI'),('40516BSI'),('40516US'),('40521US'),('40527-1BSI'),('40527BSI'),('40528US'),('40529'),('40529-1'),('40529CA'),('40529US'),('40530'),('40534'),('40544'),('40544US'),('40545-1BSI'),('40545BSI'),('40545PS'),('40567'),('40567-1'),('40567US'),('40568'),('40568-1BSI'),('40568BSI'),('40568US'),('40570-1BSI'),('40570BSI'),('40575US'),('40578'),('40578-1BSI'),('40578BSI'),('40578US'),('40581'),('40581-CA'),('40581-1'),('40581US'),('40581US-SP'),('40593-1BSI'),('40593BSI'),('40594'),('40594US'),('40598'),('40599'),('40600'),('40600-1'),('40602US'),('40603US'),('40604US'),('40605US'),('40606'),('40606-1'),('40611'),('40612'),('40612CA'),('40612US'),('40613'),('40614US'),('40627'),('40634'),('40637-1BSI'),('40637BSI'),('40638-1BSI'),('40638BSI'),('40639-1BSI'),('40639BSI'),('40640-1BSI'),('40640BSI'),('40642-1BSI'),('40642BSI'),('40643-1BSI'),('40643BSI'),('40644-1BSI'),('40644BSI'),('40645-1BSI'),('40645BSI'),('40646-1BSI'),('40646-1US-ASIA'),('40646-1US-LA'),('40646BSI'),('40646US'),('40647-1BSI'),('40647BSI'),('40648-1BSI'),('40648-1US'),('40648BSI'),('40648US'),('40649-1BSI'),('40650-1BSI'),('40650BSI'),('40653-1BSI'),('40653BSI'),('40655-1BSI'),('40655BSI'),('40656-1BSI'),('40656BSI'),('40657-1BSI'),('40657BSI'),('40658-1BSI'),('40658-1PS'),('40658BSI'),('40658PS'),('40659-1BSI'),('40659BSI'),('40659PS'),('40659US'),('40660-1BSI'),('40660BSI'),('40660PS'),('40660US'),('40661-1BSI'),('40661BSI'),('40661PS'),('40662-1BSI'),('40662BSI'),('40662PS'),('40662US'),('40663-1BSI'),('40663BSI'),('40663PS'),('40664-1BSI'),('40664BSI'),('40664PS'),('40664US'),('40665-1BSI'),('40665BSI'),('40665PS'),('40665US'),('40667-1BSI'),('40667BSI'),('40668-1BSI'),('40668BSI'),('40669-1BSI'),('40669BSI'),('40669US'),('40670-1BSI'),('40670BSI'),('40670US'),('40671-1BSI'),('40671BSI'),('40671US'),('40672-1BSI'),('40672BSI'),('40672US'),('40673-1BSI'),('40673BSI'),('40674-1BSI'),('40674BSI'),('40674PS'),('40674US'),('40675-1BSI'),('40675BSI'),('40675PS'),('40676-1BSI'),('40676-1PS'),('40676BSI'),('40676PS'),('40677-1BSI'),('40677BSI'),('40677PS'),('40679-1BSI'),('40679BSI'),('40679PS'),('40680BSI'),('40681BSI'),('40682-1BSI'),('40682BSI'),('40682PS'),('40683-1US'),('40683US'),('40684-1US'),('40684US'),('40687-1BSI'),('40687BSI'),('40687CA'),('40687US'),('40687US-SP'),('40690US'),('40691-1US'),('40691US'),('40695-1BSI'),('40695BSI'),('40695US'),('40696-1BSI'),('40696BSI'),('40696US'),('40697-1BSI'),('40697BSI'),('40700BSI'),('40700CA'),('40700US'),('40700US-SP'),('40702-1BSI'),('40702BSI'),('40703-1BSI'),('40703BSI'),('40704-1BSI'),('40704BSI'),('40705-1BSI'),('40705BSI'),('40706-1BSI'),('40706BSI'),('40726CA'),('40726US'),('40727'),('40729-1BSI'),('40729BSI'),('40729US'),('40730-1BSI'),('40730BSI'),('40731-1BSI'),('40731BSI'),('40732-1BSI'),('40732-1PS'),('40732BSI'),('40732PS'),('40732US'),('40733-1BSI'),('40733-1PS'),('40733BSI'),('40733PS'),('40734US'),('40736-1BSI'),('40736BSI'),('40737-1BSI'),('40737BSI'),('40738'),('40743US'),('40745US'),('40747-1BSI'),('40747BSI'),('40747PS'),('40748-1BSI'),('40748BSI'),('40748PS'),('40749US'),('40750-1BSI'),('40750BSI'),('40751'),('40753BSI'),('40755US'),('40764'),('40781'),('40782'),('4106-1BSI'),('4106BSI'),('4106US'),('4120'),('4120-1BSI'),('4120BSI'),('4120PS'),('4120US'),('4182-A'),('4182-C'),('4182-1PS'),('4182JGL1'),('4182JGL2'),('4182JGL3'),('4182JGL4'),('4182PS'),('4182US1'),('4182US2'),('4182US3'),('4182US4'),('4191-1BSI'),('4191BSI'),('4191BSI-RU'),('4191PS'),('4191US'),('4191US-SP'),('4192-1BSI'),('4192-1US-N'),('4192BSI'),('4192PS'),('4192US'),('4192US-N'),('4196US'),('4219-C'),('4219US'),('4625-C'),('4626BSI'),('4627-C'),('4627-1BSI'),('4627BSI'),('4627PS'),('4627US'),('4747'),('4747US'),('4937-C'),('4937-1BSI'),('4937BSI'),('4937US'),('4939-1BSI'),('4939BSI'),('4940BSI'),('4940US'),('4959BSI'),('4959US'),('4975-C'),('4975-1BSI'),('4975BSI'),('4975CZECH'),('4975US'),('4978-BBSI'),('4978-C'),('4978-1BBSI'),('4978-1BSI'),('4978-1US'),('4978-2BBSI'),('4978-2BSI'),('4978-2US'),('4978BSI'),('4978US'),('4978US-KR'),('5673-1'),('5673-160'),('5673-4'),('5789'),('9010053A'),('9010055A'),('9010057A'),('9010074A'),('9010075A'),('9010087A'),('901700A-1'),('901700A-2'),('901800A'),('9020051A'),('9020056A'),('9050026A'),('9050063A'),('9050083A'),('9050085A'),('9050086A'),('9050111A'),('9050112A'),('9050113A'),('9050114A'),('9050115A'),('9050119A'),('9050120A'),('9050121A'),('9050123A'),('9050124A'),('9050125A'),('9050126A'),('9050127A'),('9050128A'),('9050130A'),('9050132A-W'),('9050133A-B'),('9050134A'),('9060016A'),('90800000'),('90800006'),('95003-855-016'),('95005-855-016'),('95055-891-016'),('95056-891-016'),('95057-891-016'),('95058-8150-016'),('95059-8300-016'),('95060-8300-016'),('95061-8300-016'),('95062-8300-016'),('95078-8240-016'),('95079-8300-016'),('AC4296NP'),('SA1228'),('CS1031'),('CS1032'),('CS1033'),('CS1190'),('MS-0011'),('MS-0012'),('MS-0013'),('MS-0014'),('MS-0015'),('MS-0016'),('MS-0017'),('MS-0023-1'),('MS-0031'),('MS-0038'),('MS-0039'),('MS-0040'),('MS-0092'),('MS-0093'),('MS-0094'),('PPM0520A'),('PPM1024'),('PPM1025'),('PPM1048'),('PPM1414'),('PPM2030'),('PPO1073'),('PPO1192'),('PPO1193'),('PPO1194'),('PPO1195'),('PPO1206'),('PPO1214'),('PPO1227'),('PPO1235'),('PPO1240'),('PPO1241'),('PPO1242'),('PPO1243'),('PPO1245'),('PPO1246'),('PPO1249'),('PPO1259'),('PPO1260'),('PPO1261'),('PPO1262'),('PPO1263'),('PPO1267'),('PPO1269'),('PPO1277'),('PPO1279'),('PPO1281'),('PPO1282'),('PPO1287'),('PPO1288'),('PPO1297'),('PPO1300'),('PPO1305'),('PPO1317'),('PPO1323'),('PPO1324'),('PPO1331'),('PPO1332'),('PPO1349'),('PPO1354'),('PPO1374'),('PPO1383'),('PPO1390'),('PPO1391'),('PPO1393'),('PPO1394'),('PPO1400A'),('PPO1469'),('PPO1483'),('PPO1490'),('PPO1495'),('PPO1498'),('PPO1518'),('PPO1539'),('PPO1544'),('PPO1545'),('PPO1554'),('PPO1556'),('PPO1558'),('PPO1583'),('PPO1592'),('PPO1601'),('PPO1608'),('PPO1618'),('PPO1621'),('PPO1622'),('PPO1623'),('PPO1624'),('PPO1625'),('PPO1626'),('PPO1639'),('PPO1645'),('PPO1646'),('PPO1685'),('PPO1704'),('PPO1707'),('PPO1708'),('PPO1710'),('PPO1723'),('PPO1726'),('PPO1741'),('PPO1743'),('PPO1779'),('PPO1819'),('PPO1821'),('PPO1835'),('PPO1836'),('PPO1841'),('PPO1842'),('PPO1843'),('PPO1879'),('PPO1881'),('PPO1882'),('PPO1883'),('PPO1884'),('PPO1885'),('PPO1887'),('PPO1916'),('PPO1953'),('PPO2001'),('PPO2002'),('PPO2003'),('PPO2008'),('PPO2009'),('PPO2011'),('PPO2015'),('PPO2037'),('PPO2049'),('PPO2064'),('PPO2065'),('PPO2117'),('PPO2215'),('PPO2216'),('PPO2217'),('PPO2525'),('PPO2526'),('PPO2532'),('PPO2533'),('PPO2534'),('PPO2535'),('PPO3009'),('PPO3927'),('PPO3928'),('PPO3929'),('PPO3930'),('PPO4140'),('PPO4170'),('PPO4366'),('PPO4371'),('PPO4372'),('PPO4443'),('PPO4453'),('PPO4508'),('PPO4527'),('PPO4532'),('PPO4537'),('PPO4541'),('PPO4542'),('PPO4543'),('PPO6089'),('PPO6841'),('PPO6844'),('PPO6845'),('PPO6864'),('PPO6865'),('PPO6976'),('PPO7005'),('PPO7006'),('PPO7012'),('PPO7014'),('PPO7015'),('PPO7020'),('PPO7021'),('PPO9002'),('PPO9008'),('PPO9009'),('PPO9011'),('PPO9012'),('PPO9013'),('PPO9015'),('PPO9026'),('PPO9030'),('PPO9033'),('PPO9034'),('PPO9035'),('PPO9038'),('PPO9042'),('PPO9045'),('PPO9046'),('PPO9047'),('PPO9048'),('PPO9049'),('PPO9050'),('PPO9051'),('PPO9057'),('PPO9058'),('PPO9086'),('RM1000'),('RM1005'),('RM1006'),('RM1034'),('RM1043'),('RM1046'),('RM1047'),('RM1052'),('RM1052NEU'),('RM1061'),('RM1062'),('RM1065'),('RM1066'),('RM1074'),('RM1084'),('RM1101'),('RM2021'),('RM2026'),('RM2027'),('RM2038'),('RM2219'),('RM2220'),('RM3018'),('RM3076'),('RM3104'),('RM3106'),('RM3107'),('RM3108'),('RM3109'),('RM3110'),('RM3114'),('RM4049'),('RM4049-MX'),('RM4086A'),('RM4120'),('RM4126'),('RM4127'),('RM4130A'),('RM4132'),('RM4142'),('RM4175E'),('RM4178'),('RM4183'),('RM4185'),('RM4188'),('RM4194'),('RM4198'),('RM4231'),('RM4233'),('RM4236'),('RM4237'),('RM4238'),('RM4266'),('RM4268'),('RM4269'),('RM4270'),('RM4272'),('RM4273'),('RM4274'),('RM4275'),('RM4280'),('RM4292'),('RM4296'),('RM4297'),('RM4305'),('RM4306'),('RM4308'),('RM4315'),('RM4316'),('RM4320'),('RM4323'),('RM4998'),('RM5010'),('RM5078'),('RM5086'),('RM5086G'),('RM5100'),('RM5101'),('RM5121'),('RM5140'),('RM5145'),('RM5150'),('RM5151'),('RM5152'),('RM5165'),('RM5168'),('RM5173'),('RM5186'),('RM5217'),('RM5221'),('RM5224'),('RM5226'),('RM5236'),('RM5237'),('RM5241'),('RM5249'),('RM5250'),('RM5250B'),('RM5252'),('RM5270'),('RM5280'),('RM5285'),('RM5288'),('RM5314'),('RM5318'),('RM5326'),('RM5350'),('RM5351'),('RM5352'),('RM5353'),('RM5354'),('RM5357'),('RM5360'),('RM5367'),('RM5370'),('RM5371'),('RM5372'),('RM5406'),('RM5423'),('RM5425'),('RM5429'),('RM5437'),('RM5441'),('RM5449'),('RM5461'),('RM5462'),('RM5463'),('RM5472'),('RM5475A'),('RM5492'),('RM5494'),('RM5497'),('RM5498'),('RM5504'),('RM5506'),('RM5507'),('RM5510'),('RM5511'),('RM5516'),('RM5555'),('RM5556'),('RM5557'),('3164'),('3204'),('3248'),('4006'),('4032'),('4044'),('4050'),('10295-2'),('10359-060'),('10548-060'),('3011'),('30113T'),('3014'),('3015'),('3017-1'),('30188'),('3021'),('30221-035'),('30221-045'),('30249'),('30250-045'),('30250-050'),('30250-055'),('30250-060'),('30250-070'),('30291-220'),('30318-021-005'),('30318-021-007'),('30346-065-010'),('30347-250U'),('30347-266CP'),('30347-266U'),('30347-280U'),('30347-400-50'),('30347-400-50U'),('30347-400-66'),('30347-400-66U'),('30347-400-80'),('30347-400-80U'),('30347-401-80U'),('30375'),('30391'),('30393'),('30394-015'),('30394-016'),('30394-017'),('30394-018'),('30394-019'),('3040'),('30409-6'),('30421-020-175'),('30426'),('30445-0685'),('30445-0730'),('3045'),('30452'),('30464'),('30466-601CT'),('30466-603CT'),('30479'),('30489-500T'),('30494'),('30508'),('30558-300'),('30560-300M'),('30561-300M'),('30562-300M'),('30579'),('30580-195'),('30611-10-055'),('30611-14-070'),('30622-196'),('30624-196'),('30633'),('30652'),('30654'),('30657'),('30660'),('30662'),('30680'),('30695'),('30696'),('30701-1'),('30716-800'),('30717'),('30718'),('30719-021-04'),('30722'),('30723'),('3073'),('30733'),('30754-010-020'),('30754-010-040'),('30775-019-150'),('30775-020-050'),('30775-020-075'),('30775-020-100'),('30775-022-150'),('30780-103'),('30780-24'),('30780-45'),('30780-99'),('30795-019-063'),('30795-022-063'),('30810'),('30823'),('30824'),('30862'),('30881'),('30912-018'),('30912-021'),('30917'),('30918'),('30920'),('30921'),('30922'),('30923'),('30925'),('30951'),('30962-018'),('3118'),('3142'),('3218'),('3267'),('3279'),('3317'),('3759'),('3841'),('3917'),('3966'),('40008'),('40017'),('40037'),('40041'),('40105'),('40138'),('40158-C'),('40171'),('40179-2'),('40180-2'),('40195'),('40213-1'),('40219'),('40234'),('40241'),('40247'),('40252'),('40258'),('40258-C'),('40273-1'),('40287'),('40297-C'),('4030'),('40304'),('40325'),('40339'),('40340'),('40355'),('40356'),('40376'),('40391'),('40397'),('40398'),('40404'),('40434'),('40435'),('40465'),('40465-C'),('40477'),('40481'),('40482'),('40488'),('40495'),('40507'),('40507-1'),('40508'),('40510'),('40514'),('40514-C'),('40514-1'),('40527'),('40527-1'),('40531'),('40545'),('40551'),('40560'),('40580'),('40631'),('40685'),('40689'),('40728'),('40739'),('40740'),('40741'),('40742'),('4085'),('4104'),('4118'),('4182'),('4192'),('4213'),('4213-1'),('4214-1'),('4257'),('4627'),('4640'),('4758'),('4824'),('4825'),('4939'),('4940'),('4952'),('4978'),('5221'),('5234'),('5235'),('5329'),('5345'),('5405'),('5405-1'),('5429'),('5431'),('5475'),('5476'),('5477'),('5513'),('5518'),('5525'),('5552-1'),('5554'),('5620'),('5620-1'),('5659'),('5659-1'),('5663'),('5663-1'),('5690'),('5690-1'),('5697'),('5698-1'),('5761'),('8288-500'),('9000052A'),('9010049A'),('9010078A'),('9020009A'),('9060017A'),('PPO1413'),('PPO1834'),('PPO4401'),('PPO4546'),('PPO4600A'),('PPO4600B'),('PPO4600C'),('PPO4600D'),('RM4309'),('RM4310'),('RM5261'),('RM5395'),('10708'),('10802301'),('10802302'),('10802401'),('10802402'),('10802701'),('10802702'),('10802703'),('30559-150CT'),('30618-2P'),('30618-3P'),('30619P'),('30663'),('30753'),('30780-49'),('30812'),('30858'),('30858P'),('30859'),('30859P'),('30860'),('30860P'),('5764'),('5765'),('9010085A'),('9020003A'),('9020008A'),('9020020A'),('9020021A'),('9020022A'),('9020027A'),('9020050A'),('9020057A'),('9020058A'),('9020059A'),('9020060A'),('9020061A'),('9020062A'),('9020063A'),('9050062A'),('9050129A'),('9050131A'),('9060015A'),('9060021A'),('9060041A'),('9060050A'),('9060051A'),('9070009A'),('90800008'),('90800011'),('90800012'),('AC5405'),('AC5659'),('MP0050GP'),('MP0066GP'),('MP0080GP'),('MP0081GP'),('MP0180GP'),('PPM0034A'),('PPM0400A'),('PPO1632'),('PPO2520'),('PPO4102'),('PPO4114'),('PPO4115'),('PPO4116'),('PPO4117'),('PPO4118'),('PPO4119'),('PPO4121'),('PPO4123'),('PPO4124'),('PPO4125'),('PPO4311'),('PPO4312'),('PPO4314IJR'),('PPO4315IJR'),('PPO4317IJ'),('PPO4321-C'),('PPO4322-C'),('PPO4324'),('PPO4325'),('PPO4326'),('10536-500-001'),('10539-500-000'),('10568-500-801'),('10571-500-801'),('10646-500-801'),('30313-5'),('30622-180'),('30623-150'),('30623-166'),('30623-180'),('30624-166'),('30624-180'),('5241'),('5759'),('AC4940'),('AC4941'),('AC4942'),('AC4943'),('AC4944'),('PE1219C'),('SA2570'),('SA2571'),('SA2572'),('SA2573'),('SA2574'),('SA2575'),('SA4407M'),('SA4408M'),('SA4409M'),('SA4410M'),('SA4411M'),('SA4412'),('AC1022'),('AC1028A24'),('AC1041A'),('AC1041MB'),('AC1041MB-24'),('AC1041MB-4'),('AC1041MB-6'),('AC1052MB'),('AC1052MB-E'),('AC1052MB-4'),('AC1052MB-6'),('AC1054M-4'),('AC1054MB'),('AC1054MB-4'),('AC1054MB-6'),('AC1068MB'),('AC1068MB-E'),('AC1077MB'),('AC1080A'),('AC1101MB'),('AC1108'),('AC1109'),('AC1110'),('AC1111'),('AC1112'),('AC1113'),('AC1150B'),('AC1154MB'),('AC1167M'),('AC1167MB'),('AC1167MB-15.75'),('AC1167MB-3.9'),('AC1167MB-4'),('AC1167MB-6'),('AC1271'),('AC1271C'),('AC1271C-1'),('AC1272'),('AC1272C'),('AC1273'),('AC1273C'),('AC1274'),('AC1277'),('AC1278'),('AC1311'),('AC1509MB-LH'),('AC1510MB'),('AC1510MB-3.9'),('AC1510MB-4'),('AC1510MB-4-E'),('AC1510MB-6'),('AC1511-4A'),('AC1511MB'),('AC1511MB-3.9'),('AC1511MB-4'),('AC1511MB-4-E'),('AC1511MB-4A'),('AC1511MB-6'),('AC1511MB-6-E'),('AC1512MB'),('AC1512MB-13.78'),('AC1512MB-16'),('AC1512MB-2.36'),('AC1512MB-3.5'),('AC1512MB-4'),('AC1512MB-6'),('AC1816ETW'),('AC1829'),('AC1829C'),('AC1830'),('AC1830-A'),('AC1830-CPH'),('AC1830-1'),('AC1830B-C'),('AC1830C'),('AC1830TW'),('AC1845ETW'),('AC1845TW'),('AC1845UTW'),('AC1849TW'),('AC1851'),('AC1853ETW'),('AC1854ETW'),('AC1854TW'),('AC1858ETW'),('AC1859ETW'),('AC1860C'),('AC1865TW'),('AC1867ETW'),('AC1868ETW'),('AC1869TW'),('AC1872TW'),('AC1877TW'),('AC1878ETW'),('AC1878TW'),('AC1891'),('AC1894'),('AC1933TW'),('AC1938TW'),('AC2105'),('AC2106'),('AC2148C'),('AC2154C'),('AC2155C'),('AC2740-E'),('AC2741-E'),('AC2742-E'),('AC3143'),('AC3143P'),('AC3150P'),('AC3630'),('AC3631'),('AC3632'),('AC3633'),('AC3634'),('AC4006'),('AC4043'),('AC4043A'),('AC4320-8'),('AC4320-8N'),('AC4320S'),('AC4320S-8'),('AC4321-2.5'),('AC4321-3.5'),('AC4321-8'),('AC4322'),('AC4322-2.5'),('AC4322-8'),('AC4323'),('AC4323-8'),('AC4324'),('AC4324.5'),('AC4324-4'),('AC4324-4-E'),('AC4324-8'),('AC4325'),('AC4325-8'),('AC4326'),('AC4326-4'),('AC4326-8'),('AC4326G'),('AC4327.5'),('AC4327G'),('AC4331'),('AC4331-8'),('AC4332'),('AC4332-8'),('AC4334-8'),('AC4366'),('AC4376'),('AC4376-8'),('AC4377'),('AC4377-8'),('AC4382'),('AC4383'),('AC4383-8'),('AC4384-8'),('AC4385'),('AC4385-8'),('AC4399'),('AC4405-8'),('AC4406'),('AC4406-8'),('AC4408'),('AC4409'),('AC4418'),('AC4421'),('AC4423'),('AC4428'),('AC4429'),('AC4430MBC'),('AC4431MBC'),('AC4432MBC'),('AC4433MB'),('AC4434MBC'),('AC4439'),('AC4440'),('AC4469'),('AC4473'),('AC4715MB'),('AC4810GL-7.8'),('AC5630'),('AC5631'),('AC5632'),('AC5633'),('AC5634'),('AC5636'),('AC5637'),('AC5638'),('AC5639'),('AC5640'),('AC5641'),('AC5670'),('AC5801'),('AC5802'),('AC5803'),('AC5804'),('AC5805'),('AC5806'),('AC5807'),('AC5808'),('AC5809'),('AC5810'),('AC6130'),('AC6185'),('AC6531'),('AC6532'),('AC6533'),('AC6534'),('AC6535'),('AC6536'),('AC6537'),('AC6538'),('AC6539'),('AC6540'),('AC6541'),('AC6542'),('AC7250'),('AC7260'),('AC7265'),('AC7266'),('AC7267'),('AC7338'),('AC7801A'),('AC7802A'),('AC7803A'),('AC7804A'),('AC7805A'),('AC7811A'),('AC7812A'),('AC7813A'),('AC7814A'),('AC7815A'),('AC7816A'),('AC7820'),('AC7920'),('AC7921'),('PPM0483A'),('PPM0770M'),('PT13009C'),('SA1100'),('SA1200B'),('SA1200B-15'),('SA1201B'),('SA1202B'),('SA1202B-A5'),('SA1202B-17'),('SA1202G'),('SA1203B'),('SA1204B'),('SA1204C'),('SA1204G'),('SA1205B'),('SA1206B'),('SA1206G'),('SA1208B'),('SA1208G'),('SA1209B'),('SA1209G'),('SA1215B-320'),('SA1217B'),('SA1395'),('SA1418'),('SA1418-E'),('SA1465'),('SA1553S'),('SA1554S'),('SA1555S'),('SA2120'),('SA2539'),('SA4080'),('SA4300S'),('SA4302'),('SA4305'),('SA4306'),('SA4307'),('SA4311'),('SA4312'),('SA4315'),('SA4327'),('SA4351BLH-34'),('SA4352BLH-34'),('SA4353BLH-34'),('SA4354BLH-34'),('SA4356BLH-34'),('SA4358BLH-34'),('SA4360BLH-34'),('SA4361BLH-34'),('SA4362BLH-34'),('SA4366'),('SA4458LH'),('SA4523'),('SA4526'),('SA4625'),('SA4810GL'),('SA51605'),('SA51705-NS'),('SA51828'),('SA5716-LH'),('SA5716M'),('SA7300'),('SA7301'),('SA7302'),('SA7303'),('SA7304'),('SA7306'),('SA7308'),('10085-240'),('10741-355'),('10741-371'),('10741-395'),('10741-411'),('10741-445'),('10741-461'),('10741-495'),('10741-511'),('10741-535'),('10741-551'),('10741-585'),('10741-601'),('PPM0010A'),('PPM0011A'),('PPM0018B'),('PPM0019B'),('PPM0020A-C'),('PPM0020G'),('PPM0024A'),('PPM0026B'),('PPM0030B'),('PPM0037W'),('PPM0047A'),('PPM0060B'),('PPM0075W'),('PPM0085'),('PPM0100A'),('PPM0118B'),('PPM0121B'),('PPM0124A'),('PPM0200A'),('PPM0203A'),('PPM0203D'),('PPM0203DB'),('PPM0203W'),('PPM0240A'),('PPM0241U'),('PPM0242A'),('PPM0260R'),('PPM0261C'),('PPM0264C'),('PPM0266A-T'),('PPM0267B-T'),('PPM0268B'),('PPM0268R'),('PPM0268W'),('PPM0282B'),('PPM0288A'),('PPM0301B'),('PPM0306B'),('PPM0310'),('PPM0312A'),('PPM0323A'),('PPM0324A'),('PPM0325B'),('PPM0396A'),('PPM0396R'),('PPM0399N'),('PPM0399P'),('PPM0488A'),('PPM0497A'),('PPM0620A'),('PPM0622A'),('PPM0624A'),('PPM0628M'),('PPM0637M'),('PPM0638M'),('PPM0640-SBM'),('PPM0640M'),('PPM0640WM'),('PPM0643M'),('PPM0646M'),('PPM0651'),('PPM0652'),('PPM0654'),('PPM0655'),('PPM0656'),('PPM0657'),('PPM0660'),('PPM0716A'),('PPM0729A'),('PPM0900'),('PPM0901'),('PPM1000A'),('PPM1005A'),('PPM1006'),('PPM1006A'),('PPM1007A'),('PPM1010'),('PPM1057'),('PPM1061'),('PPM1063'),('PPM1066B'),('PPM1079'),('PPM1092'),('PPM1094'),('PPM1100'),('PPM1117'),('PPM1118'),('PPM1203'),('PPM1203A'),('PPM1203B'),('PPM1203R'),('PPM1204'),('PPM1204B'),('PPM1206'),('PPM1206Y'),('PPM1209'),('PPM1405'),('PPM1406'),('PPM1413'),('PPM1413R'),('PPM1418'),('PPM1425M'),('PPM1431M'),('PPM1531'),('PPM1531B'),('PPM1531R'),('PPM1558'),('PPM1568'),('PPM1569'),('PPM1582'),('PPM1584'),('PPM1585'),('PPM1589P'),('PPM1591'),('PPM1593'),('PPM1594'),('PPM3009'),('PPM3810'),('PPM3810B'),('PPM3810B-I'),('PPM3810DB'),('PPM3810LB'),('PPM3810R'),('PPM3810R-I'),('PPM3811'),('PPM3811B'),('PPM3811R'),('PPM3812'),('PPM3812B'),('PPM3812R'),('PPM3813B'),('PPM3813Y'),('PPM3814'),('PPM3814Y'),('PPM4065M'),('PPM4068'),('PPM4080'),('PPM4081'),('PPM4090'),('10641-N'),('10641-P'),('10641-R'),('10641-Y'),('10670-100'),('10730-019-000T'),('10730-019-063H'),('10730-019-075H'),('10730-020-000B'),('10730-020-000T'),('10730-020-063H'),('10730-020-075H'),('10730-022-000B'),('10730-022-000T'),('10730-022-063H'),('10730-022-075H'),('10747-135'),('5248'),('5479G'),('1/7/5735'),('2/7/5735'),('3/7/5735'),('5751-1'),('5751-4'),('5784'),('AC1043M'),('AC1043M-6'),('AC1043M-6ST'),('AC1043MB'),('AC1045MB'),('AC1045MB-E'),('AC1045MB-4'),('AC1045MB-6'),('AC1045MB-6A'),('AC1047M'),('AC1047M-6'),('AC1047MB'),('AC1047MB-E'),('AC1047MB-6'),('AC1047MB-6A'),('AC1162MB'),('AC1162MB-6'),('AC1214'),('AC4327'),('AC4327-8'),('AC4328'),('AC4328-8'),('AC4329'),('AC4329-8'),('AC4330'),('AC4330-3.9'),('AC4330-8'),('AC4435MBC'),('AC4436MBC'),('N1036'),('N1037'),('N1038B'),('N1059'),('N1060'),('N1061'),('N2020'),('N2024'),('N2025'),('N2038'),('N2051'),('N2052'),('N2053'),('N2070'),('N2089'),('N3006'),('N3011'),('N3012'),('N3014'),('N3016'),('N3041'),('N3042'),('N3043'),('N3044'),('N3045'),('N3046'),('N3050'),('PE1016'),('PE1026B'),('PE1038'),('PE1038A'),('PE1039'),('PE1042'),('PE1043'),('PE1048'),('PE1050'),('PE1051'),('PE1055'),('PE1059'),('PE1065'),('PE1066'),('PE1067'),('PE1067A'),('PE1068'),('PE1069'),('PE1077'),('PE1079'),('PE1079A'),('PE1079B'),('PE1080'),('PE1081'),('PE1084'),('PE1085'),('PE1091'),('PE1093'),('PE1104'),('PE1106'),('PE1107'),('PE1107A'),('PE1117A'),('PE1117B'),('PE1117C'),('PE1117D'),('PE1117K'),('PE1117L'),('PE1120'),('PE1123'),('PE1123-H'),('PE1123L'),('PE1123S'),('PE1124'),('PE1124-H'),('PE1124L'),('PE1125'),('PE1125-H'),('PE1125L'),('PE1126'),('PE1126-H'),('PE1126-16'),('PE1126L'),('PE1127'),('PE1127.5'),('PE1127-H'),('PE1127-16'),('PE1127L'),('PE1128'),('PE1129'),('PE1129-H'),('PE1129L'),('PE1130'),('PE1131'),('PE1131-H'),('PE1131-16'),('PE1131L'),('PE1132'),('PE1133'),('PE1133-16'),('PE1133L'),('PE1134'),('PE1135'),('PE1135-16'),('PE1135L'),('PE1135S'),('PE1136'),('PE1136L'),('PE1137L'),('PE1137LG'),('PE1138L'),('PE1139'),('PE1139L'),('PE1140'),('PE1140A'),('PE1140B'),('PE1140E'),('PE1140F'),('PE1140G'),('PE1140L'),('PE1140X'),('PE1141'),('PE1141L'),('PE1142L'),('PE1154NS'),('PE1163'),('PE1168'),('PE1179'),('PE1182'),('PE1185'),('PE1187'),('PE1187-14'),('PE1196'),('PE1212'),('PE1215'),('PE1219'),('PE1236'),('PE1237'),('PE1238'),('PE1239'),('PE1240'),('PE1242'),('PE1249'),('PE1268'),('PE1272'),('PE1273'),('PE1279'),('PE1281'),('PE1284'),('PE1290'),('PE1295'),('PE1297'),('PE1313'),('PE1314'),('PE1315'),('PE1316'),('PE1317'),('PE1318'),('PE1319'),('PE1320'),('PE1321'),('PE1322'),('PE1345'),('PE1346'),('PE1348'),('PE1349'),('PE1350'),('PE1354'),('PE1355'),('PE1356'),('PE1358'),('PE1358A'),('PE1358B'),('PE1358E'),('PE1358F'),('PE1358G'),('PE1358H'),('PE1360A'),('PE1361'),('PE1361A'),('PE1362'),('PE1362A'),('PE1363'),('PE1363A'),('PE1364'),('PE1364A'),('PE1365'),('PE1366'),('PE1368'),('PE1368A'),('PE1369'),('PE1369A'),('PE1370'),('PE1370A'),('PE1371'),('PE1371A'),('PE1372'),('PE1372A'),('PE1373'),('PE1756'),('PE1859'),('PE1865'),('PE1866'),('PE1867'),('PE2003'),('PE2010'),('PE2120'),('PE2206'),('PE2207'),('PE2207-15'),('PE2208'),('PE2209'),('PE2210'),('PE2222GL'),('PE2222GL-19'),('PE2223GL'),('PE2223GL-19'),('PE2223GL-33'),('PE2224GL-19'),('PE2224GL-33'),('PE2743'),('PE2745'),('PE2746'),('PE3002'),('PE3003'),('PE3004'),('PE3005'),('PE4080'),('PE4102GL'),('PE4103GL'),('PE4104-10'),('PE4104-10G'),('PE4104-6G'),('PE4104GL'),('PE4105-6G'),('PE4105GL'),('PE4106-10'),('PE4106-10G'),('PE4106A'),('PE4106GL'),('PE4107-10G'),('PE4107GL'),('PE4108-10G'),('PE4108A'),('PE4108GL'),('PE4109-10G'),('PE4109GL'),('PE4110-10G'),('PE4110GL'),('PE4111-10G'),('PE4111GL'),('PE4112-10'),('PE4112-10G'),('PE4112A'),('PE4112GL'),('PE4113-10G'),('PE4113-13G'),('PE4113GL'),('PE4114-10'),('PE4114-10G'),('PE4114GL'),('PE4115GL'),('PE4324'),('PE4701'),('PE4702'),('PE4703'),('PE4704'),('PE4705'),('PE4706'),('PE4707'),('PE4708'),('PE4709'),('PE4710'),('PE4715'),('PE4716'),('PE5004'),('PE5005'),('PE6045'),('PE6045A'),('PE6045B'),('PE6045C'),('PE6046'),('PE6047'),('PE6047-14'),('PE6057'),('PE6058-2'),('PE6058-4'),('PE6058-5'),('PE6061'),('PE6061-5'),('PE6061-7'),('PE6061-8'),('PE6062'),('PE6090'),('PE6092'),('PE6093'),('PE6531'),('PE6532'),('PE6533'),('PE6534'),('PE6535'),('PE6536'),('PE6537'),('PE6538'),('PE6539'),('PE6540'),('PE6541'),('PE6543GL'),('PE6544GL'),('PE8004'),('PE8006'),('PE8007'),('PE8008'),('PPO1755'),('PP1041'),('PP1041AB'),('PP1041B'),('PP1042B'),('PP1042G'),('PP1043B'),('PP1043B-15'),('PP1044B'),('PP1044B-5'),('PP1045B'),('PP1045B-5'),('PP1046B'),('PP1047B'),('PP1047G'),('PP1048B'),('PP1049'),('PP1049B'),('PP1049G'),('PP1051B'),('PP1051G'),('PP1052B'),('PP1054B'),('PP1055B'),('PP1055G'),('PP1056B-14'),('PP1057'),('PP1057B'),('PP1057B-13'),('PP1058B'),('PP1072'),('PP1072B'),('PP1078GL'),('PP1095'),('PP1112'),('PP1114'),('PP1114A'),('PP1116'),('PP1124'),('PP1128'),('PP1129'),('PP1134'),('PP1138'),('PP1139'),('PP1140'),('PP1188'),('PP1192'),('PP1195'),('PP1196'),('PP1197'),('PP1198'),('PP1200'),('PP1202'),('PP1293'),('PP1294'),('PT1049'),('PT1054'),('PT1067-H'),('PT1085'),('PT1085-H'),('PT1094'),('PT1095'),('PT1095-H'),('PT1097'),('PT1097-B'),('PT1099'),('PT1099-H'),('PT1104'),('PT1106'),('PT1116'),('PT1135'),('PT1135-H'),('PT1139'),('PT1139-H'),('PT1153'),('PT1159'),('PT1160'),('PT1164'),('PT1167-H'),('PT1168'),('PT1170-H'),('PT1173'),('PT1185'),('PT1207'),('PT1216'),('PT14018'),('PT14019'),('PT14023'),('PT14040'),('PT14040-H'),('PT14041'),('PT14041-H'),('PT14043'),('PT14043-H'),('PT14078'),('PT14093'),('PT1479'),('PT1480'),('PT15004A'),('PT15004B'),('PT15004C'),('PT15004D'),('PT17006'),('PT17006-H'),('PT17011'),('PT17031'),('PT17031K'),('PT17032'),('PT17032K'),('PT17033'),('PT17033A'),('PT17034'),('PT17036A'),('PT17037'),('PT17038'),('PT17039'),('PT17040'),('PT17041'),('PT17042'),('PT17049'),('PT17061'),('PT17062'),('PT17063'),('PT17073'),('PT17074'),('PT17076'),('PT17081'),('PT17082'),('PT18029'),('PT18029-H'),('PT18030'),('PT18031'),('PT18062'),('PT18084'),('PT18085'),('PT18088'),('PT18101'),('PT18129'),('PT18140'),('PT18141'),('PT18143'),('PT18144'),('PT18150'),('PT18151'),('PT18152'),('PT18153'),('PT18155'),('PT18156'),('PT18158'),('PT18160'),('PT18161'),('PT18162'),('PT18163'),('PT18174'),('PT18182'),('PT18186'),('PT18188'),('PT18305'),('PT18310'),('PT18500'),('PT18504'),('PT18509'),('PT18534'),('PT18535'),('PT18712'),('PT2153'),('PT2302'),('PT2304'),('PT2305'),('PT2405'),('PT2406'),('PT3000'),('PT3023'),('PT3026'),('PT3030'),('PT3035'),('PT3056'),('PT4002'),('PT4004'),('PT4010'),('PT4011'),('PT5024A30'),('PT6022B'),('PT6022W'),('PT6023B'),('PT6024B'),('PT6025B'),('PT6025W'),('PT6026W'),('PT6034Y'),('PT6035Y'),('PT6036Y'),('PT6047'),('PT6049'),('PT6050'),('PT6051'),('PT6052'),('PT6060'),('PT7000'),('PT7000A'),('PT7000B'),('PT7002'),('PT7003B'),('PT7004'),('PT7004A'),('PT7005'),('PT7005A'),('PT7005B'),('PT7006'),('PT7006A'),('PT7006B'),('PT7007A'),('PT7008'),('PT7008A'),('PT7009'),('PT7009A'),('PT7017'),('PT7020'),('PT7021'),('PT7022'),('PT7047'),('PT7054'),('PT7056'),('PT7057'),('PT7068'),('PT8005-H'),('PT8005A'),('PT8020'),('PT8020-H'),('PT8021'),('PT8021-H'),('PT8022'),('PT8026'),('PT8026-H'),('PT8035'),('PT8035-H'),('PT8047'),('PT8048'),('PT8049'),('PT8073B'),('PT8074B'),('PT8075B'),('PT8076B'),('PT8077B'),('PT8078B'),('PT8087'),('PT8088'),('PT8096'),('PT8103'),('PT8104'),('SA1109'),('SA1109A'),('SA1149A'),('SA1149D'),('T4031'),('V1108C'),('V1109C'),('V1110C'),('V1111C'),('V1112C'),('V1803'),('V1805'),('V5020'),('10395-060'),('10520-085C'),('10520-106C'),('10520-106P'),('10609-060'),('10610-060'),('10611-060'),('10711-080'),('10711-084-1'),('10711-084-2'),('10711-125-1'),('10711-125-2'),('5220-1'),('5220-2'),('AC1690IJ'),('AC1691IJ'),('AC1691IJG'),('AC1692IJ'),('AC1692IJG'),('AC1700'),('AC1700IJ'),('AC1700IJGE'),('AC1701'),('AC1701G'),('AC1701IJ'),('AC1701IJA'),('AC1701IJC'),('AC1701IJG'),('AC1702'),('AC1702G'),('AC1702IJ'),('AC1702IJG'),('AC1703'),('AC1703G'),('AC1705'),('AC1705BM'),('AC1705G'),('AC1705IJ'),('AC1706'),('AC1706G'),('AC1706IJ'),('AC1706IJG'),('AC1707'),('AC1707BM'),('AC1707G'),('AC1707IJ'),('AC1900G'),('AC1901G'),('AC1902G'),('AC1903C'),('AC1904G'),('AC1905'),('AC1906'),('AC1907'),('AC1908G'),('AC1919IJG'),('AC1940IJW'),('AC1941-C'),('AC1941G'),('AC1941IJSWG'),('AC1941IJW'),('AC1942-C'),('AC1942G'),('AC1942IJSWG'),('AC1942IJW'),('AC1943-C'),('AC1943G'),('AC1943IJSWG'),('AC1944G'),('AC1950GE'),('AC1950IJ'),('AC1950IJG'),('AC1951GE'),('AC1951IJ'),('AC1957GE'),('AC1990IJG'),('AC1991IJG'),('AC1992IJ'),('AC1992IJG'),('AC4751B'),('AC4752B'),('AC4901K'),('AC4904K'),('AC5175'),('AC5176'),('AC5177'),('AC5178'),('AC7102'),('AC7102IJ'),('PPM1425'),('PPM1431'),('PPM4065'),('SA1028'),('SA1029'),('SA1029B'),('SA1030'),('SA1032'),('SA1034'),('SA1035'),('SA1036'),('SA1037'),('SA1038'),('SA1052'),('SA1054'),('SA1104'),('SA1107'),('SA1681G-6S'),('SA1690IJ'),('SA1690IJL'),('SA1701IJ'),('SA1701IJL'),('SA1704IJ'),('SA1706'),('SA1706L'),('SA1707'),('SA1707IJ'),('SA1707IJL'),('SA1707L'),('SA1902'),('SA1902L'),('SA1907'),('SA1907L'),('SA1919IJG-6S'),('SA1941IJL'),('SA1942'),('SA1943'),('SA1943L'),('SA1944G-6S'),('SA1990IJ'),('SA1992IJ'),('SA1992IJL'),('1072G'),('1073G'),('1074G'),('1880-815-412'),('AC1171'),('AC1171GMC'),('AC1194C'),('AC1194GMC'),('AC1195C'),('AC1195GMC'),('AC1196'),('AC1196C'),('AC1196GMC'),('AC1197'),('AC1197C'),('AC1197GMC'),('AC1197P'),('AC1198GMC'),('AC1199GMC'),('AC1206C'),('AC1207C'),('AC1218'),('AC1218C'),('AC1219'),('AC1219C'),('AC1220'),('AC1220C'),('AC1748'),('AC4090'),('AC4091'),('AC4091-A'),('AC4091NHP'),('AC4092'),('AC4092-A'),('AC4210NHP'),('AC4211'),('AC4212'),('AC4213'),('AC4214'),('AC4214NP'),('AC4215'),('AC4215NP'),('AC4216'),('AC4216NP'),('AC4241'),('AC4294'),('AC4294NP'),('AC4295'),('AC4295NP'),('AC4296'),('AC7101'),('SA1222'),('SA1224'),('SA1226'),('SA1227'),('SA1229'),('SA1233'),('SA1234'),('SA1235'),('SA1236'),('SA1237'),('SA1238'),('SA1239'),('SA1263'),('SA1286'),('SA1291'),('SA1459'),('SA4099'),('10011-8135-105C'),('AC1002HF'),('AC1002HFC'),('AC1003HF'),('AC1003HFC'),('AC1004HF'),('AC1004HFC'),('AC1005HF'),('AC1006'),('AC1006C'),('AC1007'),('AC1007C'),('AC1007G'),('AC1008'),('AC1008C'),('AC1009'),('AC1010HFC'),('AC1011HFC'),('AC1197CGMC'),('AC1676-D'),('AC1949K'),('AC1951G'),('AC1952G'),('AC1952GE'),('AC1952IJ'),('AC1953IJ'),('AC1953IJG'),('AC1954'),('AC1954G'),('AC1954GE'),('AC1954GN'),('AC1954NP'),('AC1955'),('AC1955BM'),('AC1955G'),('AC1955GE'),('AC1955GN'),('AC1955IJG'),('AC1955K'),('AC1955NP'),('AC1956'),('AC1956BM'),('AC1956G'),('AC1956GE'),('AC1956GN'),('AC1956IJG'),('AC1956K'),('AC1956NP'),('AC1956P'),('AC1957'),('AC1957G'),('AC1957GN'),('AC1957K'),('AC1957NP'),('AC1957P'),('AC3671IJ'),('AC3671IJG'),('AC3671IJK'),('AC3672IJ'),('AC3672IJG'),('AC3673IJ'),('AC3674'),('AC3674IJ'),('AC3674IJK'),('AC3674K'),('AC3675'),('AC3675IJ'),('AC3675IJK'),('AC3675K'),('AC3676'),('AC3676IJ'),('AC3676IJK'),('AC3676K'),('AC3677IJK'),('AC3677K'),('AC4105IJ'),('AC4106IJ'),('AC8312'),('AC8313'),('PPM1432'),('SA1104B'),('SA1105'),('SA1105A'),('SA1105C'),('SA1132'),('SA1147'),('SA1250'),('SA1251'),('SA1254'),('SA1254C'),('SA1255'),('SA1256'),('SA1259'),('SA1446'),('SA1447'),('SA1475'),('SA1917'),('SA1917L'),('SA1919'),('SA1919L'),('SA1950'),('SA1951'),('SA1951BM'),('SA1951L'),('SA1951L-BM'),('SA1952'),('SA1952BM'),('SA1952L'),('SA1952L-BM'),('SA1957'),('SA1957L'),('SA1960'),('SA1961K'),('SA1962'),('SA1962K'),('SA1962L'),('SA1963K'),('SA5085'),('SA5085-1'),('SA5086'),('SA5086-1'),('SA5087'),('SA5087-1'),('AC1720G'),('AC1721G'),('AC1722G'),('AC1724GMC'),('AC1725GMC'),('AC1726GMC'),('AC1727GMC'),('AC1729GMC'),('AC1730G'),('AC1731G'),('AC1731G-BH'),('AC1732G'),('AC1733B'),('AC1733MC'),('AC1734B'),('AC1734MC'),('AC1735B'),('AC1735MC'),('AC1736MC'),('AC1737MC'),('AC1738MC'),('AC1739MC'),('AC1751MC'),('AC1753B'),('AC1753MC'),('AC1754B'),('AC1754MC'),('AC2317'),('AC2318'),('AC4094MC'),('AC4095MC'),('AC4096MC'),('AC5403A'),('AC5406A'),('AC8055'),('AC8056'),('PT1067C'),('PT8002B'),('PT8003A'),('PT8003B'),('PT8007C'),('PT8026A'),('PT8026B'),('PT8026C'),('SA1135'),('SA1136'),('SA1137'),('SA1138'),('SA1139'),('SA1146'),('SA1176'),('SA1179'),('SA1181'),('SA1182'),('SA1191'),('SA1192'),('SA1193'),('SA1244'),('SA1262'),('SA1320'),('SA1321'),('SA1321-A'),('SA1322'),('SA1325'),('SA1326'),('SA1327'),('SA1329A'),('SA1329B'),('SA1330'),('SA1331'),('SA1331-A'),('SA1332'),('SA1333B'),('SA1335B'),('SA1336B'),('SA1337B'),('SA1338B'),('SA1345B'),('SA1345MC'),('SA1346B'),('SA1346MC'),('SA1347B'),('SA1347MC'),('SA1350B'),('SA1351B'),('SA1351MC'),('SA1353B'),('SA1353MC'),('SA1354B'),('SA1354MC'),('SA1482'),('SA1483'),('SA1497'),('SA1498'),('SA1499'),('SA1685'),('SA2317'),('SA3274'),('SA3275'),('SA3276'),('SA3278'),('SA3279'),('SA3280'),('SA3290'),('SA3804'),('SA3805'),('SA4094MC'),('SA4095MC'),('SA4096MC'),('10711-080-N'),('10711-084-1N'),('10711-084-2B'),('10711-084-2N'),('10711-106'),('10711-106-N'),('10718-810-000'),('10718-818-000'),('10718-830-000'),('10719-820-000'),('10719-830-000'),('10724-808-300'),('10724-813-300'),('10724-830-300'),('10725-820-300'),('10725-830-300'),('10726-830-300'),('10742-820-001'),('10743-815-001'),('10743-820-001'),('10743-830-001'),('10744-815-001'),('10744-820-001'),('10744-830-001'),('10745-813-001'),('AC3605C'),('AC3605IJ'),('AC3606'),('AC3606IJ'),('AC3607'),('AC3607IJ'),('AC3608'),('AC3609IJ'),('AC3610IJ'),('AC3611IJ'),('AC3612IJ'),('AC3613'),('AC3615C'),('AC3615C1'),('AC3616'),('AC3616C'),('AC3616C1'),('AC3617'),('AC3617C'),('AC3617C1'),('AC3618'),('AC3618C'),('AC3619'),('AC3620'),('AC3620C'),('AC3678'),('AC3683IJ'),('AC3684'),('AC4029CS-P'),('AC4136P'),('AC4136P-J'),('AC4137P'),('AC4137P-J'),('AC4138P'),('AC4138P-J'),('AC4139P'),('AC4139P-J'),('AC4140P'),('AC4141P'),('AC4142'),('AC4143'),('AC4148'),('AC4149'),('AC4152'),('AC4162'),('AC4163'),('AC4164'),('AC4165'),('AC4166'),('AC4282'),('AC4284'),('AC4286'),('AC4647'),('AC4648'),('AC4677'),('AC4678'),('AC4693'),('AC5433'),('AC5433IJ'),('AC5434'),('AC5434IJ'),('AC5435'),('AC5435IJ'),('AC5436'),('AC5436IJ'),('AC5437'),('AC5438'),('AC5520G'),('AC5520J'),('AC5521G'),('AC5521J'),('AC5522G'),('AC5522J'),('AC5524G'),('AC6504'),('AC6507'),('PPM0640-SB'),('PPM0643A'),('PPM0646A'),('PPO4350'),('PPO4351'),('PPO4352'),('SA1145'),('SA2189'),('SA2541'),('SA3604'),('SA3605'),('SA3606'),('SA3900'),('SA4098'),('SA4118P'),('SA4119P'),('SA4120P'),('SA4121P'),('SA4122P'),('SA4136P'),('SA4137P'),('SA4138P'),('SA4139P'),('SA4140P'),('SA4240'),('SA4240A'),('SA4240V'),('SA4241'),('SA4241A'),('SA4241V'),('SA4242'),('SA4242A'),('SA4242V'),('SA4243'),('SA4243A'),('SA4243V'),('SA4244'),('SA4244A'),('SA4244V'),('SA4282'),('SA4284'),('SA4286'),('SA4647'),('SA4648'),('SA4677'),('SA4678'),('SA4693'),('SA5080'),('SA5080-1'),('SA5081'),('SA5081-1'),('SA5082'),('SA5082-1'),('SA5083'),('SA5083-1'),('SA5084'),('SA5084-1'),('SA5412'),('SA5412A'),('SA5412V'),('SA5413'),('SA5413A'),('SA5413V'),('SA5414'),('SA5414A'),('SA5414V'),('SA5415'),('SA5415A'),('SA5415V'),('SA5416'),('SA5416A'),('SA5416V'),('SA5417'),('SA5417A'),('SA5417V'),('SA5428'),('SA5428V'),('SA5429'),('SA5429A'),('SA5429V'),('SA5430'),('SA5430A'),('SA5430V'),('SA5431A'),('SA5431V'),('SA5432'),('SA5432A'),('SA5432V'),('SA5433'),('SA5433A'),('SA5433V'),('SA5434'),('SA5434A'),('SA5434V'),('SA5435'),('SA5435A'),('SA5435V'),('SA5456'),('SA5457'),('SA5458'),('SA5459'),('SA5460'),('SA5461'),('SA7329'),('SA7336'),('SA7337'),('SA8051'),('SA8051A'),('SA8052'),('SA8052A'),('SA8052V'),('SA8053'),('SA8053A'),('SA8053V'),('SA8054'),('SA8054A'),('SA8054V'),('SA8055'),('SA8055A'),('SA8055V'),('SA8064V'),('SA8065V'),('SA8067A'),('10090-822-000C'),('10144-1'),('10386-820-001'),('10386-822-001'),('10386-824-001'),('10386-824-001C'),('10386-828-001'),('10386-828-001C'),('10386-832-001'),('10386-832-001C'),('10386-836-001'),('10386-836-001C'),('10386-840-001'),('10386-855-001'),('10387-815-001'),('10387-818-001'),('10387-824-001'),('10391-824-100S'),('10391-828-100S'),('10391-832-100S'),('10391-836-100S'),('10391-840-100'),('10391-855-100'),('10449-1'),('10468-428-4'),('10468-815-001'),('10468-820-001'),('10468-824-001'),('10468-828-001'),('10468-832-001'),('10471-824-001'),('10471-824-001C'),('10471-828-001'),('10471-832-001'),('10471-836-001C'),('10471-855-001'),('10546-824-14'),('10547-400-02'),('10547-800-00'),('10577-824'),('10577-828'),('10577-832'),('10577-836'),('10577-840'),('10677-820-001'),('10677-822-001'),('10677-824-001'),('10677-828-001'),('10677-832-001'),('10677-836-001'),('10677-840-001'),('10677-855-001'),('10703-820-000'),('10703-822-000'),('AC1142-E'),('AC1205'),('AC1312'),('AC1313'),('AC1464'),('AC1465'),('AC1466'),('AC1467'),('AC2002'),('AC2007'),('AC2015'),('AC2025'),('AC2026'),('AC2026B'),('AC2027'),('AC2028'),('AC2031'),('AC2034-1'),('AC2035'),('AC2035-A'),('AC2035-B'),('AC2035-K'),('AC2035SW'),('AC2035T'),('AC2036'),('AC2037'),('AC2037S'),('AC2037WP'),('AC2039A'),('AC2040'),('AC2042-1'),('AC2050'),('AC2051'),('AC2052'),('AC2053'),('AC2054'),('AC2133'),('AC2134'),('AC2137'),('AC2327'),('AC2327G'),('AC2328'),('AC2328G'),('AC2329'),('AC2329G'),('AC3141P'),('AC3142P'),('AC3147'),('AC3149P'),('AC3161P'),('AC3162P'),('AC4035'),('AC4291'),('AC4292'),('AC4293'),('AC4297'),('AC4298'),('AC4298N'),('AC4298NG'),('AC4299'),('AC4300N'),('AC4301'),('AC4301N'),('AC4301S'),('AC4302N'),('AC4388'),('AC4389'),('AC4443'),('AC4443-FT'),('AC4443W'),('AC4443W-FT'),('AC4444'),('AC4444-FT'),('AC4444W'),('AC4444W-FT'),('AC4445'),('AC4446'),('AC4527'),('AC4527-FT'),('AC4527W'),('AC4527W-FT'),('AC4528'),('AC4528-FT'),('AC4528W'),('AC4528W-FT'),('AC4550'),('AC4639'),('AC4672'),('AC5079'),('AC5080'),('AC5082'),('AC5086'),('AC6584'),('AC6585'),('AC6586'),('AC6587'),('AC7112'),('AC7346N'),('CS1244'),('CS1245'),('CS1246'),('CS1247'),('CS1264'),('CS1265'),('CS1266'),('CS1267'),('SA1002'),('SA1005L'),('SA1013'),('SA1103'),('SA1315'),('SA1419'),('SA1827'),('SA1828'),('SA1829'),('SA2006'),('SA2030'),('SA2030M-1'),('SA2031'),('SA2031M'),('SA2033'),('SA2033M'),('SA2034'),('SA2034M-1'),('SA2035'),('SA2035M'),('SA2035MSW'),('SA2036'),('SA2036M'),('SA2037'),('SA2037A'),('SA2037M'),('SA2037M-A'),('SA2039'),('SA2039M'),('SA2040'),('SA2042'),('SA2042M-1'),('SA2046MSW'),('SA2112'),('SA2124'),('SA2133'),('SA2133M'),('SA2134M'),('SA2140'),('SA2141'),('SA2142'),('SA2143M'),('SA2145M'),('SA2163M'),('SA2165M'),('SA2168M'),('SA4260'),('SA4300MN'),('SA4301'),('SA4301-LH'),('SA4301-LHS'),('SA4301MN'),('SA4302-LHS'),('SA4302MN'),('SA4303MN'),('SA4306-LH'),('SA4359'),('SA4359-MS'),('SA4360B-LH'),('SA4444'),('SA4444-FT'),('SA4463'),('SA4463-FT'),('SA4527'),('SA4527-FT'),('SA4528'),('SA4528-FT'),('SA51401'),('SA51402'),('SA51403'),('SA51404'),('SA51501'),('SA51602'),('SA51603'),('SA51701'),('SA51702'),('SA51703'),('SA51704'),('SA51705'),('SA51711'),('SA51802'),('SA51807'),('SA51809'),('SA51810'),('SA51812'),('SA51818'),('SA51819'),('SA51841'),('SA51842'),('SA51843'),('SA51844'),('SA51901'),('SA52002'),('SA5714-LH'),('SA6584'),('SA6584M'),('SA6585'),('SA6585M'),('SA6586'),('SA6587'),('SA6841M'),('SA6844'),('SA6844M'),('SA6845'),('SA6845M'),('SA6864'),('SA6865'),('10732-07-050'),('10732-10-050'),('10733-07-050'),('10733-10-050'),('10733-15-050'),('10742-815-001'),('10742-830-001'),('10746-814-001'),('AC4260'),('AC4302S'),('AC4310S'),('AC4311'),('AC4311S'),('AC4312'),('AC4312GRY'),('AC4312S'),('AC4312S-M'),('AC4313TL'),('AC4316'),('AC4335'),('AC4337'),('AC4351'),('AC4352'),('AC4353'),('AC4354'),('AC4355'),('AC4355L'),('AC4356'),('AC4357'),('AC4358'),('AC4359'),('AC4360'),('AC4361'),('AC4362'),('AC4362S'),('AC4363'),('AC4364'),('AC4365'),('AC4449'),('AC4449-10'),('AC4450'),('AC4455'),('AC4457'),('AC4530'),('AC4531'),('AC4532'),('AC4534'),('AC4535'),('AC4642'),('AC4646'),('AC4660'),('AC4679'),('AC5221'),('AC5222'),('AC6180'),('AC6186'),('AC6187'),('AC6188'),('AC6512'),('AC6543'),('AC6544'),('AC6545'),('SA1480'),('SA4310-LHS'),('SA4310M'),('SA4310MS'),('SA4311-LH'),('SA4311-LHS'),('SA4311M'),('SA4311MS'),('SA4312-LH'),('SA4312-LHGRY'),('SA4312-LHS'),('SA4312-LHS-M'),('SA4312GRYM'),('SA4312M'),('SA4312MS'),('SA4312MS-M'),('SA4312S'),('SA4313-LHS'),('SA4313M'),('SA4316'),('SA4335-LH'),('SA4335M'),('SA4337-LH'),('SA4337M'),('SA4349'),('SA4349-M'),('SA4351'),('SA4351-M'),('SA4351B-LH'),('SA4352'),('SA4352-M'),('SA4352B-LH'),('SA4353'),('SA4353-M'),('SA4353B-LH'),('SA4354'),('SA4354-M'),('SA4354B-LH'),('SA4355'),('SA4355-M'),('SA4355B-LH'),('SA4355BLH-34'),('SA4355M-31'),('SA4356'),('SA4356-M'),('SA4356B-LH'),('SA4357'),('SA4357-M'),('SA4357B-LH'),('SA4357M-31'),('SA4358'),('SA4358-M'),('SA4358B-LH'),('SA4359-M'),('SA4359B-LH'),('SA4359B-LHS'),('SA4360'),('SA4360-M'),('SA4361'),('SA4361-M'),('SA4361B-LH'),('SA4362'),('SA4362-M'),('SA4362B-LH'),('SA4362S'),('SA4362S-LH'),('SA4362S-M'),('SA4363'),('SA4363-M'),('SA4363B-LH'),('SA4364'),('SA4364-M'),('SA4364B-LH'),('SA4398'),('SA4398-M'),('SA4418'),('SA4418-M'),('SA4435'),('SA4435-M'),('SA4446'),('SA4446-LH'),('SA4446-M'),('SA4446GL'),('SA4447'),('SA4447-LH'),('SA4447-M'),('SA4447GL'),('SA4455M'),('SA4457LH'),('SA4461'),('SA4530'),('SA4530-M'),('SA4530B-LH'),('SA4531'),('SA4531-M'),('SA4531B-LH'),('SA4532'),('SA4532-M'),('SA4532B-LH'),('SA4533'),('SA4533-M'),('SA4534'),('SA4535'),('SA4602GL'),('SA4602GLS-M'),('SA4603GL'),('SA4604GL'),('SA4605GL'),('SA4606GL'),('SA4606GLS-M'),('SA4608GL'),('SA4610GL'),('SA4613GL'),('SA4614GL'),('SA4620GLS-M'),('SA4622GLS-M'),('SA4642-LH'),('SA4642-T'),('SA4645-LH'),('SA4645-T'),('SA5721-LH'),('SA6218T'),('SA6543'),('SA6545'),('SA7310'),('10348-03'),('10670-300'),('SA4760'),('SA4761'),('SA4762'),('SA4762R'),('SA4763'),('10472-040'),('10472-040-1'),('10472-040R'),('10472-050'),('10472-050-S'),('10472-050-1'),('10472-050R'),('AC1052M'),('AC1099'),('AC1176B'),('AC1177B-SL'),('AC1177BL'),('AC1314B-6'),('AC1322-E'),('AC3832'),('AC4036'),('AC4037'),('AC4125'),('AC4300'),('AC4302'),('AC4303'),('AC4303S'),('AC4304'),('AC4304S'),('AC4305'),('AC4305S'),('AC4306'),('AC4306S'),('AC4307'),('AC4307S'),('AC4308'),('AC4308S'),('AC4309'),('AC4309S-13'),('AC4313'),('AC4314'),('AC4349'),('AC4350'),('AC4367'),('AC4369'),('AC4555GL'),('AC4601GL'),('AC4602GL'),('AC4603GL'),('AC4604GL'),('AC4605GL'),('AC4606GL'),('AC4607GL'),('AC4608GL'),('AC4609GL'),('AC4609GLS'),('AC4610GL'),('AC4611GL'),('AC4611GLS'),('AC4612GL'),('AC4613GL'),('AC4614GL'),('AC4615GL'),('AC4615GLS'),('AC4640GL'),('AC4689-LH'),('AC5730'),('AC5731'),('MS4036'),('MS4037'),('SA1008'),('SA1009'),('SA1009BL'),('SA1009F'),('SA1016'),('SA1206'),('SA1210B'),('SA1416-E'),('SA1417'),('SA2222GL-LH'),('SA2223GL-LH'),('SA2224GL-LH'),('SA2225GL-LH'),('SA2226GL-LH'),('SA2227GL-LH'),('SA2252GL-LH'),('SA2253GL-LH'),('SA4015'),('SA4034'),('SA4035'),('SA4036-LH'),('SA4037-LH'),('SA4290'),('SA4300'),('SA4303'),('SA4303-LH'),('SA4303-LHS'),('SA4303M'),('SA4303MS'),('SA4304-LH'),('SA4304-LHS'),('SA4304M'),('SA4304MS'),('SA4305-LH'),('SA4305-LHS'),('SA4305M'),('SA4305MS'),('SA4306-LHS'),('SA4306M'),('SA4306MS'),('SA4307-LHS'),('SA4307MS'),('SA4308-LH'),('SA4308M'),('SA4308MS'),('SA4309'),('SA4309-LH'),('SA4309M'),('SA4309S-13-LH'),('SA4309S-13-M'),('SA4314-LH'),('SA4314M'),('SA4324MN'),('SA4450'),('SA4601GL-LH'),('SA4601GL-M'),('SA4602GL-LH'),('SA4602GL-M'),('SA4603GL-LH'),('SA4603GL-M'),('SA4604GL-LH'),('SA4604GL-M'),('SA4605GL-LH'),('SA4605GL-M'),('SA4606GL-LH'),('SA4606GL-M'),('SA4606GLS-M10'),('SA4607GL'),('SA4607GL-LH'),('SA4607GL-M'),('SA4608GL-LH'),('SA4608GL-M'),('SA4609GL'),('SA4609GL-LH'),('SA4609GL-M'),('SA4609GLS-LH'),('SA4609GLS-M'),('SA4610GL-LH'),('SA4610GL-M'),('SA4611GL'),('SA4611GL-LH'),('SA4611GL-M'),('SA4611GL-M-G'),('SA4611GLS-LH'),('SA4611GLS-M'),('SA4612GL'),('SA4612GL-LH'),('SA4612GL-M'),('SA4613GL-LH'),('SA4613GL-M'),('SA4614GL-LH'),('SA4614GL-M'),('SA4615GL'),('SA4615GL-LH'),('SA4615GL-M'),('SA4615GLS-LH'),('SA4615GLS-M'),('SA4681GL-LH'),('SA4685GL-LH'),('SA4689GL-LH'),('SA4690GL-LH'),('SA4788GL'),('SA4788GL-LH'),('SA4792GL'),('SA4792GL-LH'),('SA5730-LH'),('SA5731-LH'),('10270-110'),('10270-150'),('10270-160'),('30690-1-800'),('30690-800'),('AC2873'),('AC3687'),('AC3688'),('AC4815'),('AC4816'),('SA2873'),('SA3200M'),('SA3201M'),('SA3202M'),('SA3203M'),('SA3204M'),('SA3205M'),('SA3206'),('SA3207'),('SA3208'),('SA3210M'),('SA3211M'),('SA3212C'),('SA3212M'),('SA3214M'),('SA3215M'),('SA3216M'),('SA3217M'),('SA3219M'),('SA3220C'),('SA3221C'),('SA3223C'),('SA3224C'),('SA3225C'),('SA3226M'),('SA3227C'),('SA3228C'),('SA3228M'),('SA3229C'),('SA3229M'),('SA3230C'),('SA3230M'),('SA3231C'),('SA3232M'),('SA3233C'),('SA3233M'),('SA3234M'),('SA3235C'),('SA3235M'),('SA3236M'),('SA3237C'),('SA3237M'),('SA3238M'),('SA3239M'),('SA3240M'),('SA3244M'),('SA3245M'),('SA3251'),('SA3251-10'),('SA3251-5'),('SA3252'),('SA3252-10'),('SA3252-5'),('SA3252-7'),('SA3253'),('SA3253-10'),('SA3253-5'),('SA3253-7'),('SA3254'),('SA3254-10'),('SA3254-5'),('SA3254-7'),('SA3255'),('SA3255-10'),('SA3255-5'),('SA3255-7'),('SA3256'),('SA3256-10'),('SA3256-5'),('SA3256-7'),('SA3261M'),('SA3306C'),('SA3307C'),('SA3308C'),('SA3309C'),('SA3311C'),('SA3312C'),('SA3313C'),('SA6205'),('SA6206'),('SA6206C'),('SA6208'),('SA6208C'),('SA6209'),('SA6209C'),('SA6210'),('SA6210C'),('SA6214C'),('10356-10-045'),('10526-10-055'),('10526-15-060'),('10526-15-070'),('10526-15-080'),('10526-15-090'),('10590-07-055'),('10590-07-060'),('10590-07-065'),('10590-07-070'),('10590-07-080'),('10590-10-060'),('10590-10-065'),('10590-10-070'),('10590-10-090'),('10700-05-030'),('10700-05-035'),('10700-05-040'),('10700-05-045'),('10700-05-050'),('10700-05-055'),('10700-07-030'),('10700-07-035'),('10700-07-040'),('10700-07-045'),('10700-07-050'),('10700-07-055'),('10700-10-030'),('10700-10-035'),('10700-10-040'),('10700-10-045'),('10700-10-045-5'),('10700-10-050'),('10700-10-055'),('10700-10-055-5'),('AC5090'),('AC5091'),('AC8315'),('SA3210'),('SA4356-12M'),('SA4422-12M'),('SA4422-15M'),('SA4422-7M'),('SA4423-12M'),('SA4423-7M'),('SA4424-12M'),('SA4424-15M'),('SA4425-12M'),('SA4426-12M'),('SA4428-12M'),('SA4429-14M'),('SA4430-14M'),('SA4431-14M'),('SA4431-20M'),('SA4432-14M'),('SA7300G'),('SA7302G'),('SA8300-12C'),('SA8300-15C'),('SA8300-7C'),('SA8301-7C'),('SA8302-12C'),('SA8302-15C'),('SA8303-12C'),('SA8304-12C'),('SA8306-12C'),('SA8308-14C'),('SA8309-14C'),('SA8310-14C'),('SA8315C'),('SA8400-15C'),('SA8402-15C'),('10634-070-12-2'),('10634-080-12-2'),('10634-090-12-2'),('10634-100-12-2'),('10634-110-12-2'),('10634-120-12-2'),('10634-130-12-2'),('10634-140-14-2'),('10634-150-14-2'),('10634-160-14-2'),('10634-170-14-2'),('10680-070-15-2'),('10680-090-15-2'),('10680-10-038'),('10680-100-15-2'),('10694-070-15-2'),('10694-090-15-2'),('AC1606G'),('AC1607G'),('AC1608G'),('AC1628'),('AC1651G'),('AC1652G'),('AC1818'),('AC1822'),('AC1823'),('AC1824'),('AC1825'),('AC1958'),('AC1959'),('AC1964'),('AC1965'),('AC1975'),('AC1976'),('AC1978'),('AC1979'),('AC1981'),('AC1988'),('AC1989'),('AC1998'),('AC1999'),('AC2076'),('AC2188'),('AC2190'),('AC2201'),('AC2201WO'),('AC2202'),('AC2202WO'),('AC2203'),('AC2203WO'),('AC2204'),('AC2204WO'),('AC2205'),('AC2205WO'),('AC2206'),('AC2206WO'),('AC2207'),('AC2207WO'),('AC2225'),('AC2226'),('AC2238'),('AC2239'),('AC2242'),('AC2243'),('AC2244'),('AC2247'),('AC2248'),('AC2646G'),('AC2660C'),('AC2669G'),('AC2673C'),('AC2694MC-C'),('AC2695PRP'),('AC2696PRP'),('AC2750'),('AC4650'),('AC6191'),('AC6193'),('AC6194'),('AC6197'),('AC6222'),('AC6229'),('AC6232'),('AC6256'),('AC6259'),('AC6291'),('AC6293'),('AC6513'),('AC6515'),('AC6521'),('AC6522'),('AC6523'),('AC6524'),('AC6525'),('AC6528'),('AC6529'),('AC6576'),('AC6577'),('AC6578'),('AC6581'),('AC6582'),('AC6583'),('AC7241'),('AC7331'),('AC7331L'),('AC7332'),('AC7332L'),('AC7333-A'),('AC7333-B'),('AC7333-BL'),('AC7334'),('AC7334L'),('PPM1510B'),('PPM1510R'),('PPO2087'),('PPO4536'),('SA1150'),('SA1152'),('SA1153'),('SA1287'),('SA1307M'),('SA1317'),('SA1362'),('SA1384'),('SA1387'),('SA1406'),('SA1464'),('SA1469'),('SA1600'),('SA1601'),('SA1620'),('SA1621'),('SA1803'),('SA2009'),('SA2011'),('SA2013'),('SA2014'),('SA2016'),('SA2017'),('SA2018'),('SA2019'),('SA2021'),('SA2026'),('SA2027'),('SA2056'),('SA2060'),('SA2061'),('SA2062'),('SA2101'),('SA2102'),('SA2191'),('SA2697PRP'),('SA3729'),('SA3730'),('SA3733'),('SA3734'),('SA3735'),('SA3736'),('SA3736A'),('SA3737'),('SA3738A'),('SA3739'),('SA3739A'),('SA4484'),('SA4485'),('SA4486'),('SA4487'),('SA4676'),('SA5579'),('SA5707'),('SA6513'),('SA6515'),('SA7322'),('SA7331'),('SA7332'),('SA7333'),('SA7333-A'),('SA7334'),('10280-50-65'),('10280-80-61T'),('10280-80-61U'),('10280-95-77'),('10395-860-800'),('10396-855-800'),('10417-855-800'),('10450-855-800'),('10467-855-800'),('10467-855-801'),('10506-830-300'),('10520-085C-N'),('10520-085C-Y'),('10520-106C-N'),('10520-106C-R'),('10520-106C-Y'),('10520-106P-N'),('10520-106P-P'),('10527-860-001'),('10528-860-001'),('10529-860-001'),('10530-820-001'),('10531-820-001'),('10532-820-001'),('10533-385C-N'),('10533-820-001'),('10533-850-001'),('10534-860-001'),('10535-860-001'),('10536-860-001'),('10537-820-001'),('10538-820-001'),('10539-820-001'),('10539-850-001'),('10548-3106C-R'),('10548-860-001'),('10550-960-001'),('10551-960-001'),('10552-920-001'),('10552-950-001'),('10553-960-001'),('10554-960-001'),('10555-855-800'),('10555-855-801'),('10556-860-800'),('10556-860-801'),('10558-850-800'),('10561-855-800'),('10561-855-801'),('10563-860-800'),('10563-860-801'),('10568-3106P-P'),('10568-385C-N'),('10568-385C-Y'),('10568-860-800'),('10568-860-801'),('10570-960-801'),('10571-3106P-P'),('10571-960-801'),('10573-960-801'),('10575-960-801'),('10600-860-001'),('10602-855-800'),('10602-855-801'),('10604-960-001'),('10606-960-801'),('10607-960-801'),('10608-960-801'),('10609-860-001'),('10610-860-001'),('10611-860-001'),('10612-860-001'),('10642-085C-N'),('10642-085C-Y'),('10642-106C-N'),('10642-106C-R'),('10642-106P-N'),('10642-106P-P'),('10643-855-800'),('10643-855-801'),('10644-860-800'),('10644-860-801'),('10645-855-800'),('10645-855-801'),('10646-3106P-P'),('10646-385C-N'),('10646-385C-Y'),('10646-860-800'),('10646-860-801'),('10647-860-001'),('10649-860-001'),('10662-850-000'),('10662-855-000'),('10665-500-001'),('10667-955-801'),('10668-960-801'),('10669-955-801'),('10675-820-000'),('10675-820-000S'),('10675-820-001'),('10676-820-000'),('10676-820-000S'),('10676-820-001'),('10685-855-000'),('10685-855-005'),('10686-855-000'),('10686-855-005'),('10687-855-000'),('10687-855-005'),('10688-500-005'),('10688-860-005'),('10705-815-000'),('10705-815-001'),('10706-108T'),('10706-108TD'),('10706-808-001'),('10707-110T'),('10707-110TD'),('10707-810-001'),('10748-820-000'),('10748-820-001'),('1566S'),('1567S'),('30320-872-1'),('30696C'),('AC1189'),('AC1327B'),('AC1327R'),('AC1328B'),('AC1329B'),('AC1329R'),('AC1331'),('AC1332'),('AC1333'),('AC1334'),('AC1334M'),('AC1337'),('AC1342'),('AC1343'),('AC1346'),('AC1347'),('AC1350'),('AC1351'),('AC1352'),('AC1353'),('AC1354'),('AC1356'),('AC1356M'),('AC1359'),('AC1362'),('AC1366'),('AC1366-C'),('AC1369'),('AC1369M'),('AC1372'),('AC1372-C'),('AC1372M'),('AC1374'),('AC1375'),('AC1391MC'),('AC1408'),('AC1432'),('AC1458'),('AC1473'),('AC1487'),('AC1593R-B'),('AC1594B-B'),('AC1761'),('AC1762'),('AC1763'),('AC1765'),('AC1770'),('AC1771'),('AC1775'),('AC1775R'),('AC1781'),('AC1790'),('AC1829-S'),('AC1860'),('AC1870'),('AC1871'),('AC2062'),('AC2095'),('AC2096'),('AC2110C'),('AC2111C'),('AC2121C'),('AC2122C'),('AC2130C'),('AC2131C'),('AC2132C'),('AC2140MC'),('AC2145C'),('AC2253'),('AC2255'),('AC2270'),('AC23005'),('AC23005G'),('AC23035'),('AC23036'),('AC23037'),('AC23060'),('AC24006'),('AC24036C'),('AC25003'),('AC25006'),('AC26084'),('AC27006'),('AC27012'),('AC27036'),('AC27048'),('AC27060'),('AC27072-V'),('AC28012'),('AC3002IJ'),('AC3007IJ'),('AC3007MC'),('AC3008IJ'),('AC3008MC'),('AC3015'),('AC3016'),('AC3017'),('AC3021MC-TC'),('AC3022MC-TC'),('AC3022MCTCS'),('AC3023TMC'),('AC3024MC-TC'),('AC3024TC'),('AC3027'),('AC3033'),('AC3036MC'),('AC3037MC'),('AC3060'),('AC3269'),('AC3300MC'),('AC3621C'),('AC3622'),('AC3622C'),('AC3623'),('AC3623C'),('AC3624'),('AC3625IJR'),('AC3626IJR'),('AC3627IJR'),('AC4042'),('AC4652'),('AC6149'),('AC6189'),('AC6200B'),('AC6200R'),('AC6204B'),('AC6204R'),('AC6205R'),('AC6208B'),('AC6208R'),('AC6211B'),('AC6211R'),('AC6214B'),('AC6214R'),('AC6530'),('AC7192'),('AC7193'),('AC7230'),('AC7231'),('AC7235'),('AC7238'),('AC7238-AV'),('AC7239M'),('AC7247'),('AC7248'),('AC7268'),('MS-0011S'),('MS-0012S'),('MS-0013S'),('MS-0014S'),('MS-0015S'),('MS-0016S'),('PE1358C'),('PPM0628A'),('PPM0631'),('PPM0633A'),('PPM0634A'),('PPM0635W'),('PPM0636A'),('PPM0637'),('PPM0638A'),('PPM0640A'),('PPM0640W'),('PPM0642A'),('PPO2803G'),('PP1091'),('PT14100'),('SA1045'),('SA1046'),('SA1051'),('SA1057'),('SA1058'),('SA1059'),('SA1115'),('SA1115S'),('SA1131'),('SA1143'),('SA1143A'),('SA1162'),('SA1164'),('SA1166'),('SA1240'),('SA1265'),('SA1265G'),('SA1296B'),('SA1296B-DEHP'),('SA1296R'),('SA1296R-DEHP'),('SA1306'),('SA1319'),('SA1487'),('SA1509'),('SA1520'),('SA1522'),('SA1525'),('SA1537'),('SA1554'),('SA1557'),('SA1558'),('SA1804'),('SA2052B'),('SA2146'),('SA2147'),('SA2148'),('SA2149'),('SA2542'),('SA2543'),('SA3000'),('SA3003'),('SA3004'),('SA3005'),('SA3006'),('SA3008'),('SA3015'),('SA3016'),('SA3017'),('SA3018TC'),('SA3019TC'),('SA3020AT'),('SA3020B-TC'),('SA3022'),('SA3022-TC'),('SA3027'),('SA3027M'),('SA3030'),('SA3033'),('SA3043'),('SA3043M'),('SA3044'),('SA3044MC'),('SA3046MC'),('SA51804'),('SA6200'),('SA6201'),('SA6202'),('SA7311'),('SA9000'),('SA9000A'),('003056-1'),('10392-1'),('10392-1-J'),('10392-2'),('10392-2-J'),('10393-1-J'),('10393-2'),('10393-2-J'),('10701-019-150Y'),('10701-020-150Y'),('10701-022-150Y'),('10730-020-063A'),('10730-020-075A'),('10730-022-075A'),('10731-020-063'),('10731-020-075'),('10731-022-063'),('10759'),('10760'),('30010-814-000'),('30010-816-000'),('30010-818-000'),('30010-820-000'),('30010-822-000'),('30010-824-000'),('30010-826-000'),('30347-202-50CP'),('30347-202-50U'),('30347-202-66CP'),('30347-202-66U'),('30347-202-80CP'),('30347-202-80U'),('30347-202-95U'),('30347-202-96U'),('30780-1'),('3793'),('3794'),('8288-202-1CP'),('8288-202-3CP'),('8288-202CP'),('AC3730'),('AC3731'),('AC3733'),('SA4110'),('SA4111'),('AC3500'),('AC3502'),('SA3500'),('SA3501'),('AC5548'),('PPM1741'),('10670-200'),('10670-800'),('10679-4'),('30466-103CT'),('30466-803CT'),('30539-150CT'),('30558-300A'),('30559-150CTM'),('30559-166CTM'),('30559-180CTM'),('30559-300AM'),('30559-866CTM'),('30559-880CTM'),('30560-166CTM'),('30560-180CTM'),('30560-300AM'),('30560-850SFM'),('30560-866CTM'),('30560-866SFM'),('30560-880CTM'),('30561-300AM'),('30561-850CTM'),('30561-866CTM'),('30561-880CTM'),('30562-300AM'),('30562-850CTM'),('30563-750CT'),('30563-766CT'),('30563-780CT'),('30563-796CT'),('30563-866CT'),('30563-866SF'),('30563-880CT'),('30563-880SF'),('30563-896CT'),('30563-896SF'),('30564-750CT'),('30564-766CT'),('30564-850CT'),('30564-866CT'),('30564-866SF'),('30564-880SF'),('30568-750CT'),('30568-766CT'),('30568-780CT'),('30568-850CT'),('30568-866CT'),('30568-880CT'),('30568-880SF'),('30580-195CT'),('30580-300A'),('30580-895CT'),('30580-895SF'),('30622-180CT'),('30622-196CT'),('30622-880CT'),('30622-896CT'),('30623-150CT'),('30623-166CT'),('30623-180CT'),('30623-850CT'),('30623-850SF'),('30623-866CT'),('30623-866SF'),('30623-880CT'),('30623-880SF'),('30624-166CT'),('30624-180CT'),('30624-196CT'),('30624-850CT'),('30624-866CT'),('30624-866SF'),('30624-880CT'),('30624-880SF'),('30624-896CT'),('30624-896SF'),('30625-850CT'),('30625-850SF'),('30625-866CT'),('30625-866SF'),('30625-880CT'),('30625-880SF'),('30626-850CT'),('30626-850SF'),('30626-866CT'),('30626-866SF'),('30626-880CT'),('30626-880SF'),('AC3911G'),('AC3911G-WS'),('AC3921-WS2'),('AC3922-WS2'),('AC3923-WS2'),('AC3924-WS2'),('AC4180IJ'),('AC4181IJ'),('AC4182IJ'),('AC4183IJ'),('AC4250'),('AC4250IJ'),('AC4250ND'),('AC4250ND-IJ'),('AC4251'),('AC4251IJ'),('AC4251ND'),('AC4251ND-IJ'),('AC4252'),('AC4252IJ'),('AC4252ND'),('AC4252ND-IJ'),('AC4253'),('AC4253IJ'),('AC4253ND'),('AC4253ND-IJ'),('AC4254'),('AC4254ND'),('AC4255'),('AC4255ND'),('AC5018'),('AC5018-WS'),('AC5019'),('AC5019-WS'),('AC5020'),('AC5020-WS'),('AC5021'),('AC5021-WS'),('AC5022'),('AC5022-WS'),('AC5023'),('AC5023-WS'),('AC5024'),('AC5024-WS'),('AC5025'),('AC5025-WS'),('AC5026'),('AC5026-WS'),('AC5027'),('AC5027-WS'),('AC5028'),('AC5028-WS'),('AC5029'),('AC5099C-WI'),('AC5100C-WI'),('AC5101C-WI'),('AC5102C-WI'),('AC5103C-WI'),('AC5113'),('AC5114'),('AC5116'),('AC5145'),('AC5146'),('AC5147'),('AC5148'),('AC5150'),('AC5172'),('AC5173'),('AC5309C-WI'),('AC5310C-WI'),('AC5311C-WI'),('AC5312C-WI'),('AC5313C-WI'),('AC5314C-WI'),('AC5330'),('AC5331'),('AC5332'),('AC5333'),('AC5334'),('AC5335'),('AC5621'),('AC5621G'),('AC5622'),('AC5622G'),('AC5623'),('AC5623G'),('AC5624'),('AC5625'),('AC5625G'),('AC5626'),('AC5626G'),('AC5627'),('AC5627G'),('AC5650'),('AC5651'),('AC5652'),('AC5654IJ'),('AC5655IJ'),('AC5656IJ'),('AC5657IJ'),('AC5658IJ'),('AC7704A'),('AC7705AIJ'),('AC7706A'),('AC7706AIJ'),('AC7707A'),('AC7708A'),('AC7709A'),('AC8061-65'),('PPO4353'),('SA1144'),('SA1195'),('SA1197'),('SA1390'),('SA1391'),('SA1393'),('SA3910'),('SA3911'),('SA3912'),('SA3913'),('SA3914'),('SA4057'),('SA4058'),('SA4194'),('SA4195'),('SA4196'),('SA5708'),('SA5709'),('SA5710'),('SA5711'),('SA5712'),('SA5713'),('SA7340'),('SA7341'),('10090-820-001C'),('10090-822-001'),('10090-824-001'),('10090-824-001C'),('10090-828-001'),('10090-828-001C'),('10090-832-001'),('10090-832-001C'),('10090-832-100'),('10090-836-001'),('10090-836-001C'),('10090-840-001'),('10090-855-001'),('10090-855-100'),('10381-832-001C'),('10381-836-001'),('10381-836-001C'),('10385-824-001'),('10385-824-001C'),('10385-824-100'),('10385-824-100C'),('10385-828-001'),('10385-828-001C'),('10385-828-100'),('10385-828-100C'),('10385-828-112'),('10385-828-112C'),('10385-832-001'),('10385-832-001C'),('10385-832-100'),('10385-832-100C'),('10385-832-112'),('10385-832-112C'),('10385-836-001'),('10385-836-001C'),('10385-836-100'),('10385-836-112'),('10385-836-112C'),('10385-840-001'),('10385-840-100'),('10385-855-001'),('10388-824-000'),('10388-828-000'),('10388-832-000'),('10388-836-000'),('10388-840-000'),('10436-828'),('10436-828S'),('10436-832'),('10436-832S'),('10436-836'),('10436-836S'),('10436-840'),('10436-840S'),('10468-415-4'),('10468-420-4'),('10468-424-4'),('10468-432-4'),('10509-824-100'),('10652-815-001'),('10652-815-001C'),('10652-817-001'),('10652-817-001C'),('10652-820-001'),('10652-820-001C'),('10652-825-001'),('10652-825-001C'),('10657-815-000'),('10657-815-000C'),('10657-817-000'),('10657-817-000C'),('10657-820-000'),('10657-820-000C'),('10657-825-000'),('10657-825-000C'),('10658-812-001'),('10658-815-001'),('10658-820-001'),('10658-824-001'),('10658-830-001'),('10711-106-P'),('10711-106-1'),('AC5995'),('AC5999'),('AC6000'),('AC6001'),('AC6002'),('AC6003'),('AC6004'),('AC6005'),('AC6006'),('AC6007'),('AC6008'),('AC6009'),('AC6010'),('AC6011'),('AC6012'),('AC6013'),('AC6014'),('AC6015'),('AC6016'),('AC6017'),('AC6018'),('AC6019'),('AC6020'),('AC6021'),('AC6022'),('AC6023'),('AC6024'),('AC6025'),('AC6031'),('AC6032'),('AC6033'),('AC6042'),('AC6046'),('AC6048'),('AC6049'),('AC6050'),('AC6051'),('AC6053'),('AC6057'),('AC6058'),('AC6070'),('AC6072'),('AC6073'),('AC6074'),('AC6075'),('AC6091'),('AC6092'),('AC6093'),('AC6094M'),('AC6116'),('AC6119'),('AC6137'),('AC6182'),('AC6183'),('AC6184'),('AC6801B'),('AC6801R'),('AC6802B'),('AC6802R'),('AC6803B'),('AC6803R'),('AC6804B'),('AC6804R'),('AC6805B'),('AC6805R'),('AC6806B'),('AC6806R'),('AC7043'),('AC7044'),('AC7047'),('AC7079'),('AC7080'),('AC7081'),('AC7082'),('AC7083'),('AC7084'),('AC7085'),('AC7086'),('AC7087'),('AC7088'),('AC7089'),('AC7115'),('AC7117'),('AC7118'),('AC7121'),('AC7124'),('AC7125'),('AC7127'),('AC7128'),('AC7129'),('AC7130'),('AC7131'),('AC7132'),('AC7133'),('AC7134'),('AC7135'),('AC7167'),('AC7168'),('AC7169'),('AC7170'),('AC7171'),('AC7191'),('AC7191L'),('AC7196'),('AC7197'),('AC7198'),('AC7199'),('AC7200'),('AC7221'),('AC7275'),('AC7278'),('AC7279'),('AC7280'),('AC7281'),('AC7287'),('AC7300'),('AC7301'),('AC7302'),('AC7303'),('AC7304'),('AC7305'),('AC7306'),('AC7307'),('AC7308'),('AC7309'),('AC7310'),('AC7312'),('AC7343'),('AC7343L'),('AC7344'),('AC7344L'),('AC7345'),('AC7345L'),('AC7347'),('AC7347L'),('AC7351'),('AC7351L'),('AC7352'),('AC7352L'),('AC7353'),('AC7353L'),('AC7354'),('AC7354L'),('AC7355'),('AC7355L'),('AC7358'),('AC7366'),('AC7367'),('AC7368'),('AC7369'),('AC7371'),('AC7372'),('AC7373'),('AC7374'),('AC7375'),('AC7376'),('AC7377'),('AC7378'),('AC7379'),('AC7380'),('AC7383'),('AC7384'),('AC7385'),('AC7386'),('AC7387'),('RM2022'),('RM2023'),('RM3075A'),('RM4055'),('RM4073'),('RM4307'),('RM5000'),('RM5001'),('RM5002'),('RM5003'),('RM5004'),('RM5005'),('RM5006'),('RM5007'),('RM5008'),('RM5009'),('RM5011'),('RM5012'),('RM5013'),('RM5013B'),('RM5013R'),('RM5016'),('RM5017'),('RM5018'),('RM5019'),('RM5021'),('RM5023'),('RM5037'),('RM5039'),('RM5040'),('RM5041'),('RM5051'),('RM5062'),('RM5068'),('RM5069'),('RM5071'),('RM5073'),('RM5080'),('RM5087'),('RM5095'),('RM5096'),('RM5097'),('RM5102'),('RM5103B'),('RM5110'),('RM5113'),('RM5140M'),('RM5199'),('RM5230'),('RM5259'),('RM5375'),('RM5376'),('RM5405'),('RM5427'),('RM5430'),('RM5501'),('RM5502'),('RM5515'),('5408-1212'),('5408-1213'),('5408-1214'),('5408-1215'),('5408-1216'),('5408-1217'),('5408-1219'),('5408-1220'),('5548-114'),('5548-120'),('5548-124'),('5548-196-1'),('5548-205'),('5548-418'),('5548-503'),('5548-504'),('5548-504B'),('5548-505'),('5548-505B'),('5548-506B'),('5548-507'),('AC1775KT'),('AC2129KT'),('AC6300KT'),('AC6301KT'),('AC6303KT'),('AC6304KT'),('AC6306KT'),('AC6310KT'),('AC6312KT'),('AC6313KT'),('AC6314KT'),('AC6315KT'),('AC6317KT'),('AC6319KT'),('AC6320KT'),('AC6324KT'),('AC6325KT'),('AC6326KT'),('AC6327KT'),('AC6328KT'),('AC6329KT'),('AC6330KT'),('AC6331KT'),('AC6332KT'),('AC6333KT'),('AC6334KT'),('AC6335KT'),('AC6336KT'),('AC6337KT'),('AC6338KT'),('AC6339KT'),('AC6340KT'),('AC6341KT'),('AC6342KT'),('AC6343KT'),('AC6344KT'),('AC6345KT'),('AC6346KT'),('AC6347KT'),('AC6348KT'),('AC6349KT'),('AC6350KT'),('AC6351KT'),('AC6352KT'),('AC6353KT'),('AC6354KT'),('AC6355KT'),('AC6356KT'),('AC6357KT'),('AC6358KT'),('AC6359KT'),('AC6360KT'),('AC6361KT'),('AC6362KT'),('AC6363KT'),('AC6364KT'),('AC6365KT'),('AC6366KT'),('AC6367KT'),('AC6368KT'),('AC6369KT'),('AC6370KT'),('AC6371KT'),('AC6372KT'),('AC6373KT'),('AC6374KT'),('AC6375KT'),('AC6376KT'),('AC6377KT'),('AC6378KT'),('AC6379KT'),('AC6380KT'),('AC6381KT'),('AC6382KT'),('AC6383KT'),('AC6384KT'),('AC6385KT'),('AC6386KT'),('AC6387KT'),('AC6418KT'),('AC6419KT'),('AC6420KT'),('AC6421KT'),('AC6422KT'),('AC6423KT'),('AC6424KT'),('AC6425KT'),('AC6426KT'),('AC6439KT'),('AC6440KT'),('AC6441KT'),('AC6442KT'),('AC6443KT'),('AC6444KT'),('AC6445KT'),('AC6446KT'),('AC6447KT'),('AC6448KT'),('AC6450KT'),('AC6451KT'),('AC6452KT'),('AC6453KT'),('AC6454KT'),('AC6455KT'),('AC6456KT'),('AC6458KT'),('AC6459KT'),('AC6460KT'),('AC6461KT'),('AC6463KT'),('AC6464KT'),('AC6475KT'),('AC6476KT'),('AC6477KT'),('AC6478KT'),('AC6479KT'),('AC6480KT'),('AC6481KT'),('AC6482KT'),('AC6483KT'),('AC6484KT'),('AC6485KT'),('AC6486KT'),('AC6487KT'),('AC6488KT'),('AC6489KT'),('AC6490KT'),('AC6491KT'),('AC6493KT'),('AC6530KT'),('AC6575KT'),('AC6748KT'),('AC6749KT'),('AC6750KT'),('AC6751KT'),('AC6752KT'),('AC6753KT'),('AC6754KT'),('AC6755KT'),('AC6756KT'),('AC6757KT'),('AC6758KT'),('AC6759KT'),('AC6760KT'),('AC6761KT'),('AC6762KT'),('AC6763KT'),('AC6764KT'),('AC6765KT'),('AC6766KT'),('AC6767KT'),('AC8121KT'),('AC8122KT'),('AC8123KT'),('AC8124KT'),('AC8125KT'),('AC8126KT'),('AC8127KT'),('AC8131KT'),('AC8132KT'),('AC8133KT'),('AC8134KT'),('AC8135KT'),('AC8136KT'),('AC8137KT'),('AC1624'),('AC2129'),('AC3520'),('AC3521'),('AC3522'),('AC3523'),('AC3664'),('AC3665'),('AC3685'),('AC6600'),('AC6601'),('AC6602'),('AC6603'),('AC6639'),('AC6640'),('AC6641'),('AC6642'),('AC6643'),('AC6644'),('AC6645'),('AC6646'),('AC6647'),('AC6648'),('AC6649'),('AC6650'),('AC6651'),('AC6652'),('AC6653'),('AC6654'),('AC6655'),('AC6656'),('AC6657'),('AC6658'),('AC6659'),('AC6660'),('AC6661'),('AC6662'),('AC6663'),('AC6664'),('AC6665'),('AC6666'),('AC6667'),('AC6668'),('AC6669'),('AC6670'),('AC6671'),('AC6672'),('AC6673'),('AC6674'),('AC6675'),('AC6676'),('AC6677'),('AC6678'),('AC6679'),('AC6680'),('AC6681'),('AC6682'),('AC6683'),('AC6684'),('AC6685'),('AC6686'),('AC6687'),('AC6688'),('AC6689'),('AC6690'),('AC6691'),('AC6692'),('AC6693'),('AC6694'),('AC6696'),('AC6699'),('AC6705'),('AC6706'),('AC6707'),('AC6708'),('AC6710'),('AC6712'),('AC6713'),('AC6717'),('AC6718'),('AC6719'),('AC6720'),('AC6730'),('AC6731'),('AC6732'),('AC6733'),('AC6734'),('AC6735'),('AC6736'),('AC6737'),('AC6738'),('AC6739'),('AC6740'),('AC6748'),('AC6749'),('AC6750'),('AC6751'),('AC6752'),('AC6753'),('AC6754'),('AC6756'),('AC6757'),('AC6758'),('AC6759'),('AC6760'),('AC6761'),('AC6762'),('AC6763'),('AC6764'),('AC6765'),('AC6766'),('AC6767'),('AC7274'),('AC7274-1'),('AC7274-10'),('AC7274-2'),('AC7274-5'),('AC7274-7'),('AC7400'),('AC8121'),('AC8122'),('AC8123'),('AC8124'),('AC8125'),('AC8126'),('AC8127'),('AC8131'),('AC8132'),('AC8133'),('AC8134'),('AC8135'),('AC8136'),('AC8137'),('SA2790'),('SA4643'),('SA4644'),('SA5637'),('SA5637T'),('SA5638'),('SA5638T'),('SA6600'),('SA6601'),('SA6602'),('SA6603'),('SA6632'),('SA6638'),('SA6639'),('SA6640'),('SA6641'),('SA6642'),('SA6643'),('SA6644'),('SA6645'),('SA6646'),('SA6647'),('SA6648'),('SA6649'),('SA6650'),('SA6651'),('SA6652'),('SA6653'),('SA6654'),('SA6655'),('SA6656'),('SA6657'),('SA6658'),('SA6659'),('SA6660'),('SA6661'),('SA6662'),('SA6663'),('SA6664'),('SA6665'),('SA6666'),('SA6667'),('SA6668'),('SA6669'),('SA6670'),('SA6671'),('SA6672'),('SA6673'),('SA6674'),('SA6675'),('SA6676'),('SA6677'),('SA6678'),('SA6679'),('SA6680'),('SA6681'),('SA6682'),('SA6683'),('SA6684'),('SA6685'),('SA6686'),('SA6687'),('SA6688'),('SA6689'),('SA6690'),('SA6691'),('SA6692'),('SA6693'),('SA6694'),('SA6696'),('SA6699'),('SA6705'),('SA6706'),('SA6707'),('SA6708'),('SA6710'),('SA6712'),('SA6713'),('SA6717'),('SA6718'),('SA6719'),('SA6720'),('SA6730'),('SA6731'),('SA6732'),('SA6733'),('SA6734'),('SA6735'),('SA6736'),('SA6737'),('SA6738'),('SA6739'),('SA6740'),('SA6748'),('SA6749'),('SA6750'),('SA6751'),('SA6752'),('SA6753'),('SA6754'),('SA6756'),('SA6757'),('SA6758'),('SA6759'),('SA6760'),('SA6761'),('SA6762'),('SA6763'),('SA6764'),('SA6765'),('SA6766'),('SA6767'),('SA8121'),('SA8122'),('SA8123'),('SA8124'),('SA8125'),('SA8126'),('SA8127'),('SA8131'),('SA8132'),('SA8133'),('SA8134'),('SA8135'),('SA8136'),('SA8137'),('10588-820C'),('10588-822C'),('10588-824C'),('10588-830C'),('10591-820C'),('10591-822C'),('10591-824C'),('10591-826C'),('10591-828C'),('10591-830C'),('10592-820C'),('10592-822C'),('10592-824C'),('10592-826C'),('10592-828C'),('10592-830C'),('10593-808C'),('10593-810C'),('10593-812C'),('10593-814C'),('10593-816C'),('10593-818C'),('10593-820C'),('10593-822C'),('10593-824C'),('10593-830C'),('AAC19411'),('AAC19421'),('AAC19521'),('AAC26415'),('AC0212151'),('AC0212201'),('AC0912151GL'),('AC0912201GL'),('AC4035KT'),('AC4741KT'),('AC5034KT'),('ARD1213C'),('ARD1213S'),('ARD1215C'),('ARD1215CG'),('ARD1215S'),('ARD1215SG'),('ARD1220C'),('ARD1220CG'),('ARD1220S'),('ARD1220SG'),('ARD1224C'),('ARD1224S'),('ARD1224SG'),('ARD1235C'),('ARD1413C'),('ARD1413S'),('ARD1415C'),('ARD1415S'),('ARD1420C'),('ARD1420S'),('ARD1424C'),('ARD1424S'),('ARD912S'),('ARS815'),('ART1213C'),('ART1213S'),('ART1215C'),('ART1215S'),('ART1220C'),('ART1220S'),('ART1224C'),('ART1224S'),('ASPC15P-XL'),('ASPC18P-XL'),('ASPC24P-XL'),('AS01135120'),('AS01135121'),('AS01135121CA'),('AS01135121E.'),('AS01135121GL'),('AS01135123'),('AS01135150'),('AS01135151'),('AS01135151CA'),('AS01135151E.'),('AS01135151GL'),('AS01135151ME'),('AS01135153'),('AS01135200'),('AS01135200E.'),('AS01135201'),('AS01135201CA'),('AS01135201E.'),('AS01135201GL'),('AS01135201ME'),('AS01135203'),('AS01135240'),('AS01135240E.'),('AS01135243'),('AS01135300'),('AS01135301CA'),('AS01135303'),('AS0212151'),('AS0212201'),('AS0212241'),('A25587'),('A36612'),('CESLL5070'),('CESLL5100'),('CESSF5070'),('CESSF5100'),('CSP-1608'),('CSP-1808'),('CSP-2005'),('CSP-2405'),('DDSP134PS'),('DDSP136PS'),('DDSP138PS'),('DDSP139PS'),('DFST1310CEE'),('DFST136CEE'),('DFST137CEE'),('DFST138CEE'),('DFXL144IJS'),('DFXL144IJSE'),('DFXL144MT'),('DFXL146CES'),('DFXL146IJS'),('DFXL146IJSE'),('DFXL146IJSE.'),('DFXL146MT'),('DFXL146MTB'),('DFXL146MTE'),('DFXL146MTE.'),('DFXL148CES'),('DFXL148IJS'),('DFXL148IJSE'),('DFXL148IJSE.'),('DFXL148MT'),('DFXL148MTB'),('DFXL148MTE'),('DFXL148MTE.'),('DFXL149CES'),('DFXL149IJSE'),('DFXL149IJSE.'),('DFXL149MT'),('DFXL149MTB'),('DFXL149MTE'),('DFXL149MTE.'),('DL 11/15'),('DL 11/20'),('DL 9/15'),('DL11/24'),('DL7/10'),('DMC2L-6S'),('DMC2L-715S'),('DMC2L-720S'),('DMC2L-730S'),('DMC2L-8S'),('DMC3L-6S'),('DMC3L-720S'),('DMC3L-730S'),('DMC3L-8S'),('DMC4L-6S'),('DMC4L-8S'),('DMRC3S91'),('DMRC3S915'),('DMRC3S916'),('DMRC3S92'),('DMRC3S93'),('DMRC3S94'),('DMRC3S95'),('DMRC3S96'),('DMRC3S97'),('DMR190503'),('DSL12'),('DSL12P'),('DSL15'),('DSL15IJS'),('DSL18P'),('DSL20'),('DSL24'),('DSL24P'),('DSL27'),('DSL28'),('DSL28PC'),('DSL32'),('DSL32PC'),('DSP134PS-C'),('DSP134PSE'),('DSP134S'),('DSP136PC-C'),('DSP136PS'),('DSP136PS-C'),('DSP136PSE'),('DSP136S'),('DSP136SE'),('DSP138PS'),('DSP138PS-C'),('DSP138PSE'),('DSP138S'),('DSP138SE'),('DSP139PS'),('DSP139PS-C'),('DSP139PSE'),('DSP139S'),('DSP139SE'),('DT114IJS-2'),('DT116IJS-2'),('DT116M'),('DT118IJS-2'),('DT118M'),('DT119M'),('DT73M'),('DT74M'),('DT94M'),('DT96M'),('DT98M'),('DVS6010'),('DXTP114CT'),('DXTP114MT'),('DXTP116CT'),('DXTP116IJS-1'),('DXTP116MT'),('DXTP118MT'),('DXTP119MT'),('DXTP94MT'),('DXTP96MT'),('DXTP98MT'),('ECS1315'),('ECS1320'),('ECS1324'),('JDC32S'),('JDC37S'),('JDC63C'),('JDF1536S-2'),('JETMIC2413'),('JETMIC2430'),('JETMIC245'),('JETMIC248'),('JETMIC2513'),('JETMIC2530'),('JETMIC258'),('JETMIC2715'),('JETMIC2720'),('JETMIC2730'),('JETMIC3530'),('JETMIC355'),('JETMIC358'),('JETMIC3715'),('JETMIC3720'),('JETMIC3730'),('JETMIC4820'),('JETM11415'),('JETM11420'),('JETM11430'),('JETM11615'),('JETM11620'),('JETM11630'),('JETM11815'),('JETM11820'),('JETM11830'),('JETM12013'),('JETM12413'),('JFFS1515S'),('JFFS1520S'),('JFFS1524S'),('JFST1310CEE'),('JFST137CEE'),('JMF64'),('JM15'),('JM16'),('JM17'),('JSACTT6604S'),('JSAP1.950'),('JT031401201'),('JT031401501'),('JT031402001'),('JT070400001'),('JT070400002'),('JT070400003'),('JT070500001'),('JT070500002'),('JT070500003'),('JT080400001'),('JT080400002'),('JT080400003'),('JT080500001'),('JT080500002'),('JT080500003'),('JT090400001'),('JT090500001'),('JT100400001'),('JT100400002'),('JT100400003'),('JT100500001'),('JT100500002'),('JT100500003'),('JT120400000'),('JT120500000'),('JT130400000'),('JT130500000'),('KF14T'),('KF15T'),('KF25P'),('KS12'),('KS15'),('KS20'),('MBNS019S-CA'),('MBNS023S-CA'),('MBNS028S-CA'),('MBNS033S-CA'),('MBNS037S-CA'),('MBNS042S-CA'),('MBPS019-CA'),('MBPS033-CA'),('MC-1406'),('MC-1408'),('MC-1412'),('MC-1606'),('MC-1608'),('MC-1612'),('MC-1806'),('MC-1808'),('MC-1812'),('MC-2005'),('MC-2405'),('MCB304K'),('MCB306K'),('MCB308K'),('MCD70'),('MCD71'),('MCD714'),('MCD715'),('MCD716'),('MCD72'),('MCD73'),('MCD74'),('MCD75'),('MCD76'),('MCD77'),('MCD78'),('MCD79'),('MCFK100'),('MCFK100PS'),('MCFK550'),('MCFK60'),('MCFK64'),('MCF10'),('MCF64'),('MCF64E'),('MCSL-PICC'),('MCYK308PS-C'),('MCY306PS'),('MCY308PS'),('MC061442'),('MC061443'),('MC061444'),('MC061445'),('MC101041P'),('MC101042P'),('MC101043P'),('MC101044P'),('MC101045P'),('MC2L-6S'),('MC2L-6S-C'),('MC2L-715S'),('MC2L-720S'),('MC2L-730S'),('MC2L-8S'),('MC2LP-35S-C'),('MC2LP-38S-C'),('MC2LP-58S-C'),('MC20IC57PC'),('MC20IC60PC'),('MC20IS31DC'),('MC20IS31SC'),('MC20IS32DC'),('MC20IS41PC'),('MC20IS42SC'),('MC20IS46PC'),('MC20IS46SC'),('MC20VC57LC'),('MC20VC57LS'),('MC20VS43RS'),('MC20XC'),('MC200101'),('MC200302-C'),('MC200501'),('MC200502'),('MC214'),('MC215S'),('MC217'),('MC217S'),('MC2211'),('MC2212'),('MC3L-12S-C'),('MC3L-6S'),('MC3L-6S-C'),('MC3L-715S'),('MC3L-720S'),('MC3L-730S'),('MC3L-8S'),('MC3L-8S-C'),('MC3LP-5S-C'),('MC3LP-530S-C'),('MC3LP-58S-C'),('MC35'),('MC35-J'),('MC35-JM'),('MC35J.'),('MC38'),('MC38-J'),('MC38-JM'),('MC4L-6S-C'),('MC4L-8S-C'),('MC52'),('MC52-C'),('MC70'),('MC70-C'),('MC71'),('MC71-C'),('MC714-C'),('MC72'),('MC72-C'),('MC73-C'),('MDC31S-C'),('MDC32S-C'),('MDC37S-C'),('MDC42S-RU'),('MDC47S-C'),('MDC63C-C'),('MD28010611'),('MD28010711'),('MD28010721'),('MD28010911'),('MD28010921'),('MD28011121'),('MD28011231'),('MFFS1212IJ-2'),('MFFS1215IJ-2'),('MFFS1215S'),('MFFS1220IJ-2'),('MFFS1220S'),('MFFS1224S'),('MFFS1515S'),('MFFS1520S'),('MFFS1524S'),('MICTI5000S'),('MIDT50ASN'),('MLCT4S200-CA'),('MLCT5D20-CA'),('MLCT5D200-CA'),('MPD-141-C'),('MPD-146-C'),('MPD-160-C'),('MPD-242-RU'),('MRACC6DTUN'),('MRCTI80841-C'),('MRCTI80841-KR'),('MRCTI80841DMP'),('MRCTI80841M'),('MRCTI80841MDMP'),('MRC3RD000'),('MRC3RD001'),('MRC3RD003'),('MRC3RD004'),('MRC3R000'),('MRC3R001'),('MRC3R002'),('MRC3R003'),('MRDT50ALN'),('MRDT50ALS'),('MRDT50AMN'),('MRDT50AMS'),('MRDT50AXS'),('MRDT50PLN'),('MRDT50PLS'),('MRDT50PMN'),('MRDT50PMS'),('MRDT50PSN'),('MRDT50PSS'),('MRDT66ALN'),('MRDT66AMS'),('MRDT66AXS'),('MRDT66PLN'),('MRDT66PMS'),('MRDT66PSN'),('MRDT66PSS'),('MRDT80ALS'),('MRDT80AMS'),('MRDT80ASN'),('MRDT80AXS'),('MRDT80PLN'),('MRDT80PLS'),('MRDT80PMS'),('MRDT80PSN'),('MRDT80PSS'),('MRDT96AMN'),('MRDT96AMS'),('MRDT96PMS'),('MRH2063E'),('MRH2075E'),('MR190000'),('MR190045'),('MR190070'),('MR190080'),('MR190130'),('MR190160'),('MR190305'),('MR190310'),('MR190405'),('MR190407'),('MR190410'),('MR190411'),('MR190412'),('MR190421'),('MR190422'),('MR190503'),('MR190505'),('MR190507'),('MR190510'),('MR190511'),('MR190512'),('MR190521'),('MR190522'),('MR190703'),('MR190704'),('MR190803'),('MR190903'),('MR191003'),('MR191004'),('MR191005'),('MR191103'),('MR191303'),('MR191403'),('MR191503'),('MR191603'),('MR191703'),('MR192411'),('MR192421'),('MR192521'),('MR192522'),('MR193411'),('MR193421'),('MR193521'),('MR28010611'),('MR28010611-C'),('MR28010711'),('MR28010711-C'),('MR28010721'),('MR28010721-C'),('MR28010911'),('MR28010911-C'),('MR28010921'),('MR28010921-C'),('MR28011121'),('MR28011121-C'),('MR28011231'),('MR28011231-C'),('MR28011421'),('MR28011421-C'),('MR28014151'),('MR28036101-KR'),('MR28037101-KR'),('MSC31S-C'),('MSC37S-C'),('MSC42S-C'),('MSC46S-C'),('MSNS019S-CA'),('MSNS023S-CA'),('MSNS028S-CA'),('MSNS033S-CA'),('MSNS037S-CA'),('MSNS042S-CA'),('NADLPC13'),('NADLPC15'),('NADLPC20'),('NADLS13'),('NADLS15'),('NADLS15S'),('NADLS20'),('NADLS24'),('NAT1428'),('NAT1432'),('NAT1436'),('NCXPC116'),('NDTPC1428'),('NDT1428'),('NIDLC15K'),('NIDLC20K'),('NIDLS15K'),('NIDLS20K'),('NIDLS24K'),('NISL14'),('NISL14K'),('NISL25K'),('NITDL28SK'),('NITDL36CK'),('NITDL36SK'),('NTH1428'),('NTH1432'),('NTPC1432'),('PFMML4SS'),('PFMML5DS'),('PPO4550'),('RMS19411'),('RMS19421'),('RMS19511'),('RMS19521'),('RMS19522'),('SDL136E'),('SDL136E.'),('SDL138E'),('SDL138E.'),('SDL139E'),('SDL139E.'),('SLD11/15'),('SLD11/20'),('SLD11/24'),('SLD8/12'),('SL12P-C'),('SL15'),('SL15-C'),('SL15C'),('SL15C-C'),('SL15E'),('SL15E.'),('SL15IJS'),('SL18P-C'),('SL20'),('SL20-C'),('SL20-ID'),('SL20C'),('SL20C-C'),('SL20E'),('SL20E.'),('SL24'),('SL24-C'),('SL24C'),('SL24C-C'),('SL24E'),('SL24E.'),('SL24P'),('SL24P-C'),('SL27'),('SL28'),('SL28-C'),('SL28C'),('SL28C-C'),('SL28CPC-C'),('SL28E.'),('SL28PC'),('SL28PC-C'),('SL28PCE.'),('SL32'),('SL32-C'),('SL32C-C'),('SL32CPC-C'),('SL32E.'),('SL32PC'),('SL32PC-C'),('SL32PCE.'),('SSL1015ME.'),('SSL1215M'),('SSL1220M'),('SSL1220ME.'),('SST32S-C'),('S40SE.'),('TUN3'),('TUN4'),('T114C'),('T114IJS-2'),('T114M'),('T116C'),('T116IJS-2'),('T116IJS-2E.'),('T116M'),('T116ME'),('T116ME.'),('T118C'),('T118IJS-2'),('T118IJS-2E.'),('T118M'),('T118ME.'),('T119M'),('T73M'),('T74M'),('T94M'),('T96M'),('T98M'),('VS4510'),('VS455'),('VS457'),('VS5510'),('VS555'),('VS557'),('VS607'),('VS6510'),('XTP114CT'),('XTP114IJS='),('XTP114IJS=='),('XTP114MT='),('XTP114MTE'),('XTP115IJS='),('XTP116CT'),('XTP116IJC='),('XTP116IJS-1'),('XTP116IJS='),('XTP116IJS=='),('XTP116IJSE'),('XTP116MT'),('XTP116MT-C'),('XTP116MT#'),('XTP116MT='),('XTP116MT=='),('XTP116MT==='),('XTP116MTE'),('XTP118CT'),('XTP118IJS='),('XTP118IJSE'),('XTP118MT'),('XTP118MT#'),('XTP118MT='),('XTP118MT=='),('XTP118MT==='),('XTP118MTE'),('XTP119MT'),('XTP119MT-C'),('XTP119MT='),('XTP119MTE'),('XTP125IJS-C'),('XTP125IJS='),('XTP125IJSA'),('XTP125MTA'),('XTP126IJS-C'),('XTP126IJS='),('XTP126IJSA'),('XTP126MT-C'),('XTP126MT='),('XTP126MT==='),('XTP126MTA'),('XTP128IJS-C'),('XTP128IJS='),('XTP128IJSA'),('XTP128MT-C'),('XTP128MT='),('XTP128MT==='),('XTP128MTA'),('XTP129IJSA'),('XTP129MT-C'),('XTP129MT='),('XTP129MTA'),('XTP145MTA-C'),('XTP146MTA-C'),('XTP148MTA-C'),('XTP149MTA-C'),('XTP3114CTE'),('XTP3114MT'),('XTP3114MTB'),('XTP3114MTE'),('XTP3114MTPC'),('XTP3116CTE'),('XTP3116IJSE'),('XTP3116MT'),('XTP3116MT='),('XTP3116MT==='),('XTP3116MTB'),('XTP3116MTE'),('XTP3116MTE.'),('XTP3116MTPC'),('XTP3118IJSE'),('XTP3118MT'),('XTP3118MT-C'),('XTP3118MT='),('XTP3118MT==='),('XTP3118MTB'),('XTP3118MTE'),('XTP3118MTE.'),('XTP3118MTPC'),('XTP3119MT'),('XTP3119MTE'),('XTP3126IJS='),('XTP3126MT='),('XTP3128IJS='),('XTP3128MT='),('XTP3129MT='),('XTP94IJS'),('XTP94IJS='),('XTP94MT'),('XTP94MT-C'),('XTP94MT='),('XTP96MT'),('XTP96MT-C'),('XTP96MT='),('XTP98MT-C'),('XTP98MT='),('10300301'),('10301206'),('10301207'),('10301208'),('10301209'),('10301403'),('10301705'),('10301801'),('10800602'),('10800603'),('10800701'),('10800702'),('10800703'),('10800704'),('10801701'),('10801702'),('10801703'),('30618-2'),('30618-3'),('30619'),('40068'),('4482007'),('4488651'),('9-CT4S20MB'),('AAC02106'),('AAC02108'),('AAC19422'),('AAC23401'),('AAC23402'),('AAC23403'),('AAC23404'),('AAC23405'),('AAC23406'),('AAC23411'),('AAC23412'),('AAC23413'),('AAC23414'),('AAC23415'),('AAC23416'),('AAC23417'),('AAC23418'),('AAC23419'),('AAC23420'),('AAC23601'),('AAC23602'),('AAC23603'),('AAC23604'),('AAC23605'),('AAC23606'),('AAC23608'),('AAC23609'),('AAC23610'),('AAC23611'),('AAC23612'),('AAC23613'),('AAC23614'),('AAC23615'),('AAC23616'),('AAC23617'),('AAC23618'),('AAC23619'),('AAC23620'),('AAC26411'),('AAC26414'),('AAC29401'),('AAC29403'),('AAC29501'),('AAC29502'),('AAC29503'),('AAC29504'),('AAC29505'),('AAC29506'),('AC4328KT'),('AC4438KT'),('AC4445KT'),('AC4647KT'),('AC4648KT'),('AC4677KT'),('AC4678KT'),('AC5548KT'),('AC9029KIT'),('AC9033KIT'),('AC9037KIT'),('AQUA1513ST'),('AQUA2013ST'),('AQUA2513ST'),('ARGBSP3S55'),('ARGBSP4S55'),('ARGBSP5D55'),('ARGBSP5S60'),('ARGBSP6D60'),('ARGBSP6T60'),('ARGCOP3S55'),('ARGCOP4S55'),('ARGCOP5D55'),('ARGCOP5S60'),('ASPC20-3E.'),('ASPC22-3E.'),('ASPC24-3'),('ASPC24-3CL'),('ASPC24-3DS'),('ASPC24-3E.'),('ASPC24-3PC'),('ASPC24-3PCE.'),('ASPC24-3PCWOE.'),('ASPC24-3WOE.'),('ASPC24OTW'),('ASPC2416-3'),('ASPC2416-3DS'),('ASPC2416-3E.'),('ASPC2416-3PC'),('ASPC2416-3PCE.'),('ASPC2416OTW'),('ASPC28-3'),('ASPC28-3CL'),('ASPC28-3DS'),('ASPC28-3DSE.'),('ASPC28-3E.'),('ASPC28-3PC'),('ASPC28-3PCE.'),('ASPC28-3PCWOE.'),('ASPC28-3WOE.'),('ASPC28OTW'),('ASPC2816-3'),('ASPC2816-3DS'),('ASPC2816-3E.'),('ASPC2816-3PC'),('ASPC2816-3PCE.'),('ASPC2816OTW'),('ASPC32-3'),('ASPC32-3CL'),('ASPC32-3DS'),('ASPC32-3DSE.'),('ASPC32-3E.'),('ASPC32-3PC'),('ASPC32-3PCE.'),('ASPC32-3PCWOE.'),('ASPC32-3WOE.'),('ASPC32OTW'),('ASPC3216-3'),('ASPC3216-3DS'),('ASPC3216-3E.'),('ASPC3216-3PC'),('ASPC3216-3PCE.'),('ASPC36-3'),('ASPC36-3CL'),('ASPC36-3E.'),('ASPC36-3PC'),('ASPC36-3PCE.'),('ASPC36-3PCWOE.'),('ASPC36-3WOE.'),('ASPC36OTW'),('ASPC3616-3'),('ASPC3616-3DS'),('ASPC3616-3E.'),('ASPC3616-3PC'),('ASPC3616-3PCE.'),('ASPC40-3'),('ASPC40-3CL'),('ASPC40-3DS'),('ASPC40-3DSE.'),('ASPC40-3E.'),('ASPC40-3TLE.'),('ASPC40-3WOE.'),('ASPC40OTW'),('ASPC4016-3'),('ASPC4016-3DS'),('ASPC4016-3E.'),('ASPC55-3'),('ASPC55-3CL'),('ASPC55-3E.'),('ASPC55-3TLE.'),('ASPC55-3WOE.'),('ASPC5516-3'),('ASPC5516-3DS'),('ASPC5516-3E.'),('AS01135120E.'),('AS01135121ME'),('AS01135150E.'),('AS01135241'),('AS01135241CA'),('AS01135241E.'),('AS01135241GL'),('AS01135241ME'),('AS01135300E.'),('AS01135301'),('AS01135301E.'),('AS01135301GL'),('AS01135301ME'),('AS0912241'),('BFL-6'),('BFL-6CTT'),('BFL-6E.'),('BFL-6S'),('BFL-6SE.'),('BFR-6'),('BFR-6CTT'),('BFR-6E.'),('BFR-6S'),('BFR-6SE.'),('BFRD1070KD-A'),('BFR1035KD-A'),('BFR1070KD-A'),('BFS-6'),('BFS-6CTT'),('BFS-6E.'),('BFS-6S'),('BFS-6SE.'),('CMS-CT5D115'),('CMS-CT5D225'),('CMS-CT5S205'),('CMS-CT5S225'),('CMS-CT5S335'),('CMS-CT6T225'),('CMS-ML4S001'),('CMS-ML5D001'),('CMS-MP4N'),('CMS-MP4S'),('CMS-MP5S'),('CMS-MST361'),('CMS-MST461'),('CMS-MST464'),('CMS-MST521'),('CMS-MST561'),('CMS-MST564'),('CMS-MST572'),('CMS-PL4S201'),('CMS-PL4S701'),('CMS-VS5510'),('CMS-VS555'),('CMS-VS6510'),('CMS-130NWP'),('CMS-21G7S'),('CMS-45NWP'),('CMS-70NWT'),('CMS-80NWP'),('CSP-1406'),('CSP-1406-C'),('CSP-1408'),('CSP-1408-C'),('CSP-1412'),('CSP-1412-C'),('CSP-1606-C'),('CSP-1612'),('CSP-1806'),('CSP-1806-C'),('CSP-1808-C'),('CSP-1812'),('CSP-1812-C'),('CSP-2005-C'),('CSP-2405-C'),('CT5D800'),('DASPC15P-XL'),('DASPC18P-XL'),('DASPC24-3'),('DASPC24-3DS'),('DASPC24-3PC'),('DASPC24P-XL'),('DASPC2416-3'),('DASPC2416-3DS'),('DASPC2416-3PC'),('DASPC28-3'),('DASPC28-3DS'),('DASPC28-3PC'),('DASPC2816-3'),('DASPC2816-3DS'),('DASPC32-3'),('DASPC32-3DS'),('DASPC32-3PC'),('DASPC3216-3'),('DASPC3216-3DS'),('DASPC3216-3PC'),('DASPC36-3'),('DASPC36-3DS'),('DASPC36-3PC'),('DASPC3616-3'),('DASPC3616-3DS'),('DASPC3616-3PC'),('DASPC40-3'),('DASPC40-3DS'),('DASPC4016-3'),('DASPC4016-3DS'),('DASPC55-3'),('DASPC55-3DS'),('DASPC5516-3'),('DASPC5516-3DS'),('DAST'),('DAST-L'),('DASTSG'),('DBFL-6'),('DBFL-6CTT'),('DBFL-6S'),('DBFR-6'),('DBFR-6CTT'),('DBFR-6S'),('DBFR1035KD-A'),('DBFS-6'),('DBFS-6CTT'),('DBFS-6S'),('DBF11A'),('DBF11AVS'),('DBF11V'),('DBTH'),('DBTT'),('DBTT10'),('DCTT'),('DDFXL144CT'),('DDFXL144IJC'),('DDFXL144IJS'),('DDFXL144MT'),('DDFXL146CT'),('DDFXL146IJC'),('DDFXL146IJS'),('DDFXL146MT'),('DDFXL148CES'),('DDFXL148CT'),('DDFXL148IJC'),('DDFXL148IJS'),('DDFXL148MT'),('DDFXL149CT'),('DDFXL149IJC'),('DDFXL149IJS'),('DDFXL149MT'),('DDSP130S'),('DDSP134S'),('DDSP136S'),('DDSP138S'),('DDSP139S'),('DFST1310MTE'),('DFST136MTE'),('DFST137MTE'),('DFST138MTE'),('DFSX'),('DFXL146CE'),('DFXL148CE'),('DFXL149CE'),('DFXL149IJS'),('DG45S'),('DG65S'),('DG80'),('DHFS 24'),('DHFS 28'),('DHFS 32'),('DHFS 36'),('DHFS 40'),('DHFS 55'),('DHFT'),('DMBCA'),('DMCSL'),('DMC013501'),('DMC013502'),('DMC013503'),('DMC013504'),('DMC013505'),('DMC013541'),('DMC013542'),('DMC013543'),('DMC013544'),('DMC013545'),('DMC101241'),('DMC101242'),('DMC101243'),('DMC11A'),('DMC11V'),('DMC120'),('DMC150J'),('DMC20XC'),('DMC20XS'),('DMC215S'),('DMC217'),('DMC217S'),('DMC3B'),('DMC35'),('DMC35-J'),('DMC35-JM'),('DMC38'),('DMC38-J'),('DMC38-JM'),('DMC45J'),('DMC52'),('DMC641499'),('DMC641500'),('DMC641501'),('DMC641502'),('DMC641503'),('DMC641504'),('DMC641505'),('DMC641506'),('DMC641519'),('DMC641520'),('DMC641521'),('DMC641522'),('DMC641523'),('DMC641524'),('DMPC-6'),('DMP217'),('DMRACC5STUN'),('DMRACC6DTUN'),('DMRACC6DTUNSL'),('DMRI19100801'),('DMR190040'),('DMR190060'),('DMR190160'),('DMR1902222'),('DMR1902222S'),('DMR1902224S'),('DMR1902422'),('DMR1902422S'),('DMR1902424S'),('DMR1902622'),('DMR1902622S'),('DMR1902624S'),('DMR190300'),('DMR190305'),('DMR190306'),('DMR190310'),('DMR1903222'),('DMR1903222S'),('DMR1903224S'),('DMR1903422'),('DMR1903422S'),('DMR1903424S'),('DMR1903622'),('DMR1903624S'),('DMR190405'),('DMR190410'),('DMR190411'),('DMR190412'),('DMR190421'),('DMR190422'),('DMR190505'),('DMR190510'),('DMR190511'),('DMR190512'),('DMR190521'),('DMR190522'),('DMR190605'),('DMR190610'),('DMR190703'),('DMR190704'),('DMR190705'),('DMR190735'),('DMR190803'),('DMR190903'),('DMR190904'),('DMR190905'),('DMR190935'),('DMR191003'),('DMR191005'),('DMR191103'),('DMR191203'),('DMR191303'),('DMR191403'),('DMR191503'),('DMR191603'),('DMR191703'),('DMR192411'),('DMR192421'),('DMR192422'),('DMR192511'),('DMR192521'),('DMR192522'),('DMR193411'),('DMR193421'),('DMR193521'),('DMR195150'),('DMR195535'),('DMR210780'),('DMR7STUN'),('DMTS'),('DRPK-01'),('DSL15C'),('DSL15CIJ'),('DSL15IJ'),('DSL20C'),('DSL24C'),('DSL28C'),('DSL28CPC'),('DSL32C'),('DSL32CPC'),('DSSA'),('DSSAE'),('DSST'),('DSSV'),('DSSVE'),('DTBC'),('DTHD155124'),('DTHD155128'),('DTHD155132'),('DTHD155136'),('DTHD155140'),('DTHD155155'),('DTHD155224'),('DTHD155228'),('DTHD155232'),('DTHD155236'),('DTHD155424'),('DTHD155428'),('DTHD155432'),('DTHD155436'),('DTHD155440'),('DTHD155455'),('DTHD155624'),('DTHD155628'),('DTHD155632'),('DTHD155636'),('DTUN3'),('DTUN4'),('DT114C'),('DT114IJC-2'),('DT114M'),('DT116C'),('DT116IJC-2'),('DT118C'),('DT118IJC-2'),('DT119C'),('DT94C'),('DT96C'),('DT98C'),('DVS203'),('DVS3010'),('DVS303'),('DVS3510'),('DVS355'),('DVS4510'),('DVS455'),('DVS457'),('DVS505'),('DVS5510'),('DVS555'),('DVS557'),('DVS605'),('DVS607'),('DVS6510'),('DVS655'),('DXTP114IJC-2'),('DXTP114IJS-2'),('DXTP116IJC'),('DXTP116IJC-2'),('DXTP116IJS-2'),('DXTP118CT'),('DXTP118IJC'),('DXTP118IJC-2'),('DXTP118IJS-2'),('DXTP119CT'),('DXTP94CT'),('DXTP96CT'),('DXTP98CT'),('ECS1328'),('ECS1335'),('HFS 24'),('HFS 24-C'),('HFS 28'),('HFS 28-C'),('HFS 32'),('HFS 32-C'),('HFS 36'),('HFS 40'),('HFS 55'),('HFS1524E.'),('HFS1524PCE.'),('HFS1528E.'),('HFS1528PCE.'),('HFS1532E.'),('HFS1532PCE.'),('HFS1536E.'),('HFS1536PCE.'),('HFS1540E.'),('HFS1555E.'),('HFS24E.'),('HFS24PC'),('HFS24PC-C'),('HFS24PCE.'),('HFS28E.'),('HFS28PC'),('HFS28PC-C'),('HFS28PCE.'),('HFS32E.'),('HFS32PC'),('HFS32PC-C'),('HFS32PCE.'),('HFS36E.'),('HFS36PC'),('HFS36PC-C'),('HFS36PCE.'),('HFS40-C'),('HFS40E.'),('JDC31S'),('JDC42S'),('JDC47S'),('JDC57C'),('JDDF1528'),('JDDF1532'),('JDDF1536'),('JDDF1540'),('JDF1524S-2'),('JDF1528S-2'),('JDF1532S-2'),('JET-141'),('JET-146'),('JET-146S'),('JET-160'),('JET-242'),('JET-257'),('JET-263'),('JFC1424'),('JFC1424PC'),('JFC1428'),('JFC1428PC'),('JFC1432'),('JFC1432PC'),('JFC1436'),('JFC1440'),('JFC1520'),('JFC1520PC'),('JFC1522'),('JFC1522PC'),('JFC1524'),('JFC1524PC'),('JFC1528'),('JFC1528PC'),('JFC1532'),('JFC1532PC'),('JFC1536'),('JFC1536PC'),('JFC1540'),('JFC1555'),('JFFS1220IJ-2'),('JFFS1528S'),('JFST1310MTE'),('JFST136MTE'),('JFST137MTE'),('JFST138MTE'),('JMP3S-MNS'),('JMP3S-T'),('JMP4D'),('JMP4D-MNS'),('JMP4D-T'),('JMP4S-MNS'),('JMP4S-T'),('JMP5D'),('JMP5D-MNS'),('JMP5D-T'),('JMP5S'),('JMP5S-MNS'),('JMP5S-T'),('JMP6D'),('JMP6D-T'),('JPP40C'),('JPP41S'),('JPP46S'),('JPP57C'),('JPP60C'),('JSACTI5004SM'),('JSACTI50041M'),('JSACTI5084SM'),('JSACTI50841M'),('JSACTI6600S'),('JSACTI66001'),('JSACTI6604S'),('JSACTI6604SM'),('JSACTI66041'),('JSACTI66041M'),('JSACTI6680S'),('JSACTI66801'),('JSACTI6684S'),('JSACTI6684SM'),('JSACTI66841'),('JSACTI66841M'),('JSACTI8000S'),('JSACTI80001'),('JSACTI8004S'),('JSACTI8004SM'),('JSACTI80041'),('JSACTI80041M'),('JSACTI8080S'),('JSACTI80801'),('JSACTI8084S'),('JSACTI8084SM'),('JSACTI80841'),('JSACTI80841M'),('JSACTI9600S'),('JSACTI96001'),('JSACTI9680S'),('JSACTI96801'),('JSACTT66041'),('JSACTT6684S'),('JSACTT66841'),('JSACTT80001'),('JSACTT8004S'),('JSACTT80041'),('JSACTT80801'),('JSACTT8084S'),('JSACTT80841'),('JSACTT96001'),('JSACTT96801'),('JSACT4S'),('JSACT4SL'),('JSACT4SN'),('JSACT5D'),('JSACT5DL'),('JSACT5DN'),('JSACT5S'),('JSACT5SN'),('JSACT6D'),('JSACT6DL'),('JSACT6DN'),('JSACT6T'),('JSACT6TL'),('JSACT6TN'),('JSAP1.920'),('JSAP2.620'),('JSAP2.620-C'),('JSAP2.650'),('JSAP2.650-C'),('JSC31S'),('JSC37S'),('JSC42S'),('JSC46S'),('JT011552401'),('JT011552801'),('JT011553201'),('JT011553601'),('JT011554001'),('JT011555501'),('JT021552401'),('JT021552801'),('JT021553201'),('JT021553601'),('JT05035501'),('JT05042000'),('JT05045501'),('JT05052000'),('JT06055501'),('JT140184500'),('JT140184501'),('JT150666101'),('JT150806101'),('JT160666101'),('JT160806101'),('KP231428'),('KP231432'),('KP231455'),('MBNS019'),('MBNS019-CA'),('MBNS019E.'),('MBNS019GL'),('MBNS019S'),('MBNS019SGL'),('MBNS023'),('MBNS023-CA'),('MBNS023E.'),('MBNS023GL'),('MBNS023S'),('MBNS023SGL'),('MBNS028'),('MBNS028-CA'),('MBNS028E.'),('MBNS028GL'),('MBNS028S'),('MBNS028SGL'),('MBNS033'),('MBNS033-CA'),('MBNS033E.'),('MBNS033GL'),('MBNS033S'),('MBNS033SGL'),('MBNS037'),('MBNS037-CA'),('MBNS037E.'),('MBNS037GL'),('MBNS037S'),('MBNS037SGL'),('MBNS042'),('MBNS042-CA'),('MBNS042E.'),('MBNS042GL'),('MBNS042S'),('MBNS042SGL'),('MBPS019'),('MBPS019E.'),('MBPS019GL'),('MBPS019S'),('MBPS019SGL'),('MBPS023'),('MBPS023-CA'),('MBPS023E.'),('MBPS023GL'),('MBPS023S'),('MBPS023SGL'),('MBPS028'),('MBPS028-CA'),('MBPS028E.'),('MBPS028GL'),('MBPS028S'),('MBPS028SGL'),('MBPS033'),('MBPS033E.'),('MBPS033GL'),('MBPS033S'),('MBPS033SGL'),('MCB306'),('MCB308'),('MCF55'),('MC061402'),('MC061403'),('MC061404'),('MC061405'),('MC101241'),('MC101242'),('MC101243'),('MC11A'),('MC11V'),('MC187S'),('MC20IC57DS'),('MC20IC60PS'),('MC20IS37SC'),('MC20IS42DC'),('MC20VC63LC'),('MC20VC63LS'),('MC20VC63RC'),('MC20VC63RS'),('MC20VS43LC'),('MC20VS43LS'),('MC20VS43RC'),('MC20XS'),('MC200101-C'),('MC200102'),('MC200102-C'),('MC200201'),('MC200201-RU'),('MC200202'),('MC200202-C'),('MC200202-RU'),('MC200301'),('MC200301-C'),('MC200302'),('MC200401'),('MC200401-C'),('MC200401-RU'),('MC200402'),('MC200402-C'),('MC200402-RU'),('MC641499'),('MC641500'),('MC641501'),('MC641502'),('MC641503'),('MC641504'),('MC641505'),('MC641506'),('MC641519'),('MC641520'),('MC641521'),('MC641522'),('MC641523'),('MC641524'),('MDC31S'),('MDC32S'),('MDC32S-RU'),('MDC37S'),('MDC42S'),('MDC42S-C'),('MDC47S'),('MDC57C'),('MDC57C-C'),('MDC63C'),('MDDP66AMN'),('MDDP66AMS'),('MDDP80AMN'),('MDDP80AMS'),('MD17011100'),('MD17011101'),('MD170111024S'),('MD17011121'),('MD170111224S'),('MD17012600'),('MD17012601'),('MD170126024S'),('MD17012621'),('MD170126224S'),('MD17013100'),('MD17013101'),('MD17013105'),('MD17014100'),('MD17014101'),('MD17014102'),('MD17014105'),('MD17014200'),('MD17014201'),('MD17014205'),('MD17015101'),('MD17015105'),('MD17015200'),('MD17015201'),('MD17015202'),('MD17015205'),('MD17016200'),('MD17016201'),('MD17021101'),('MD17021121'),('MD17022601'),('MD17022621'),('MD17033100'),('MD17033101'),('MD17033102'),('MD17033105'),('MD17034100'),('MD17034101'),('MD17034102'),('MD17034105'),('MD17034111'),('MD17035100'),('MD17035101'),('MD17035102'),('MD17035105'),('MD17035111'),('MD17035200'),('MD17035201'),('MD17035202'),('MD17035205'),('MD17035211'),('MD17035222'),('MD17036201'),('MD17036202'),('MD17036205'),('MD17036301'),('MD17036302'),('MD17036305'),('MD17036311'),('MD17036321'),('MD28035101'),('MD28035121'),('MD28035201'),('MD28035221'),('MD28036101'),('MD28036121'),('MD28036201'),('MD28036221'),('MD28036301'),('MD28037101'),('MD28037201'),('MD81013101'),('MD81014101'),('MD81014201'),('MD81015201'),('MD82034101'),('MD82035100'),('MD82035101'),('MD82035102'),('MD82035200'),('MD82035201'),('MD82035202'),('MD82035205'),('MD82035222'),('MD82036300'),('MD82036301'),('MD82036302'),('MICTI50001'),('MICTI5004S'),('MICTI5004SM'),('MICTI50041'),('MICTI50041M'),('MICTI50041MP'),('MICTI50041P'),('MICTI5080S'),('MICTI50801'),('MICTI5084SM'),('MICTI50841'),('MICTI50841MP'),('MICTI50841P'),('MICTI6600S'),('MICTI66001'),('MICTI6604S'),('MICTI6604SM'),('MICTI66041'),('MICTI66041M'),('MICTI6680S'),('MICTI66801'),('MICTI6684SM'),('MICTI66841'),('MICTI66841M'),('MICTI8000S'),('MICTI80001'),('MICTI8004S'),('MICTI8004SM'),('MICTI80041'),('MICTI80041M'),('MICTI8084SM'),('MICTI80841'),('MICTI80841M'),('MICTI95002'),('MICTI9600S'),('MICTI96001'),('MICTI9680S'),('MICTI96801'),('MICTT50041'),('MICTT50841'),('MICTT80001'),('MICTT80041'),('MICTT80841'),('MICTT96801'),('MIDP50ALN'),('MIDP50ALS'),('MIDP50AMN'),('MIDP50AMS'),('MIDP50ASN'),('MIDP50AXS'),('MIDP50PLN'),('MIDP50PLS'),('MIDP50PMN'),('MIDP50PMS'),('MIDP50PSN'),('MIDP50PSS'),('MIDP66ALN'),('MIDP66ALS'),('MIDP66AMN'),('MIDP66AMS'),('MIDP66ASN'),('MIDP66AXS'),('MIDP66PLN'),('MIDP66PLS'),('MIDP66PMN'),('MIDP66PMS'),('MIDP66PSN'),('MIDP66PSS'),('MIDP80ALN'),('MIDP80ALS'),('MIDP80AMN'),('MIDP80AMS'),('MIDP80ASN'),('MIDP80AXS'),('MIDP80PLN'),('MIDP80PLS'),('MIDP80PMN'),('MIDP80PMS'),('MIDP80PSN'),('MIDP80PSS'),('MIDP95ADN'),('MIDP95ADS'),('MIDP96AMN'),('MIDP96AMS'),('MIDP96PMN'),('MIDP96PMS'),('MIPP50ALN'),('MIPP50ALS'),('MIPP50PLN'),('MIPP50PLS'),('MIPP66ALN'),('MIPP66ALS'),('MIPP66PLN'),('MIPP66PLS'),('MIPP80AFS'),('MIPP80ALN'),('MIPP80ALS'),('MIPP80PFS'),('MIPP80PLN'),('MIPP80PLS'),('MIPP96AFS'),('MIPP96PFS'),('MITTI66041M'),('MLCTAFD4S10'),('MLCTAF4S10'),('MLCTAF4S10E'),('MLCTAF4S100'),('MLCTD4S20'),('MLCTD4S200'),('MLCTD5D20'),('MLCTD5D200'),('MLCT3S15'),('MLCT4S20'),('MLCT4S20-CA'),('MLCT5D20'),('MLCT5S20'),('ML3S20'),('ML4D20'),('ML4S20'),('ML5D20'),('ML5S20'),('MPD-118'),('MPD-140'),('MPD-141'),('MPD-146'),('MPD-146S'),('MPD-146S-C'),('MPD-160'),('MPD-237'),('MPD-242'),('MPD-242-C'),('MPD-257'),('MPD-257-C'),('MPD-263'),('MPD-263-C'),('MPP40C'),('MPP40C-C'),('MPP41S'),('MPP41S-C'),('MPP46S'),('MPP46S-C'),('MPP57C'),('MPP57C-C'),('MPP60C'),('MPP60C-C'),('MRACC6DTUNSL'),('MRCTC71001'),('MRCTC72001'),('MRCTI5000S'),('MRCTI50001'),('MRCTI50001DMP'),('MRCTI5004S'),('MRCTI5004SM'),('MRCTI50041'),('MRCTI50041DMP'),('MRCTI50041M'),('MRCTI50041MDMP'),('MRCTI50041MP'),('MRCTI50041P'),('MRCTI5080S'),('MRCTI50801DMP'),('MRCTI5084SM'),('MRCTI50841DMP'),('MRCTI50841M'),('MRCTI50841MDMP'),('MRCTI50841MP'),('MRCTI50841P'),('MRCTI6600S'),('MRCTI66001'),('MRCTI66001-C'),('MRCTI66001-KR'),('MRCTI66001DMP'),('MRCTI6604S'),('MRCTI6604SM'),('MRCTI66041-C'),('MRCTI66041-KR'),('MRCTI66041DMP'),('MRCTI66041M'),('MRCTI66041MDMP'),('MRCTI6680S'),('MRCTI66801'),('MRCTI66801-C'),('MRCTI66801DMP'),('MRCTI6684S'),('MRCTI6684SM'),('MRCTI66841'),('MRCTI66841-C'),('MRCTI66841DMP'),('MRCTI66841MDMP'),('MRCTI8000S'),('MRCTI80001'),('MRCTI80001-CA'),('MRCTI80001-KR'),('MRCTI80001DMP'),('MRCTI80001OR'),('MRCTI8004S'),('MRCTI80041'),('MRCTI80041-C'),('MRCTI80041-KR'),('MRCTI80041DMP'),('MRCTI80041M'),('MRCTI80041MDMP'),('MRCTI8080S'),('MRCTI80801'),('MRCTI80801-C'),('MRCTI80801DMP'),('MRCTI8084S'),('MRCTI8084SM'),('MRCTI80841'),('MRCTI9600S'),('MRCTI96001'),('MRCTI9680S'),('MRCTI96801'),('MRCTI96801-KR'),('MRCTP31025'),('MRCTP41024'),('MRCTP41025'),('MRCTP41028'),('MRCTP51024'),('MRCTP51025'),('MRCTP51028'),('MRCTP52014'),('MRCTP52024'),('MRCTP52025'),('MRCTP52028'),('MRCTP62024'),('MRCTP62028'),('MRCTP63006'),('MRCTP63024'),('MRCTT5004S'),('MRCTT50841'),('MRCTT6604S'),('MRCTT66041'),('MRCTT66041-C'),('MRCTT66041-KR'),('MRCTT6684S'),('MRCTT66841'),('MRCTT66841-C'),('MRCTT80001'),('MRCTT80001-C'),('MRCTT80001-KR'),('MRCTT80001DMP'),('MRCTT80001OR'),('MRCTT8004S'),('MRCTT80041'),('MRCTT80041-C'),('MRCTT80041-KR'),('MRCTT80041DMP'),('MRCTT80801'),('MRCTT80801-C'),('MRCTT80841'),('MRCTT80841-C'),('MRCTT80841-KR'),('MRCTT96001'),('MRCTT96001-KR'),('MRCTT96801'),('MRDP50ALN'),('MRDP50ALS'),('MRDP50AMN'),('MRDP50AMS'),('MRDP50ASN'),('MRDP50AXS'),('MRDP50PLN'),('MRDP50PLS'),('MRDP50PMN'),('MRDP50PMS'),('MRDP50PSN'),('MRDP50PSS'),('MRDP66ALN'),('MRDP66ALS'),('MRDP66AMN'),('MRDP66AMS'),('MRDP66ASN'),('MRDP66AXS'),('MRDP66PLN'),('MRDP66PLS'),('MRDP66PMN'),('MRDP66PMS'),('MRDP66PSN'),('MRDP66PSS'),('MRDP80ALN'),('MRDP80ALS'),('MRDP80AMN'),('MRDP80AMS'),('MRDP80ASN'),('MRDP80AXS'),('MRDP80PLN'),('MRDP80PLS'),('MRDP80PMN'),('MRDP80PMS'),('MRDP80PSN'),('MRDP80PSS'),('MRDP95ADN'),('MRDP95ADS'),('MRDP96AMN'),('MRDP96AMS'),('MRDP96PMN'),('MRDP96PMS'),('MRDT50ASN'),('MRDT66ALS'),('MRDT66AMN'),('MRDT66ASN'),('MRDT66PLS'),('MRDT66PMN'),('MRDT80AMN'),('MRDT80PMN'),('MRDT96PMN'),('MRH2063'),('MRH2075'),('MRPP50ALN'),('MRPP50ALS'),('MRPP50PLN'),('MRPP50PLS'),('MRPP66ALN'),('MRPP66ALS'),('MRPP66PLN'),('MRPP66PLS'),('MRPP80AFS'),('MRPP80ALN'),('MRPP80ALS'),('MRPP80PFS'),('MRPP80PLN'),('MRPP80PLS'),('MRPP96AFS'),('MRPP96PFS'),('MRTTI5000S'),('MRTTI5004S'),('MRTTI5004SM'),('MRTTI50041'),('MRTTI50041M'),('MRTTI5080S'),('MRTTI50801'),('MRTTI5084S'),('MRTTI5084SM'),('MRTTI50841M'),('MRTTI6600S'),('MRTTI66001'),('MRTTI6604S'),('MRTTI6604SM'),('MRTTI66041'),('MRTTI6680S'),('MRTTI6684S'),('MRTTI6684SM'),('MRTTI66841'),('MRTTI8000S'),('MRTTI80001'),('MRTTI8004S'),('MRTTI8004SM'),('MRTTI80041'),('MRTTI8080S'),('MRTTI8084S'),('MRTTI8084SM'),('MRTTI80841M'),('MRTTI9600S'),('MRTTI96001'),('MRTTI9680S'),('MRVSP41012'),('MRVSP52012'),('MR17011100'),('MR17011101'),('MR17011101-KR'),('MR170111024S'),('MR17011121'),('MR170111224S'),('MR17012600'),('MR17012601'),('MR17012601-PE'),('MR170126024S'),('MR17012608'),('MR17012621'),('MR17012621-PE'),('MR170126224S'),('MR17012628'),('MR17013100'),('MR17013101'),('MR17013101-C'),('MR17013105'),('MR17013105-C'),('MR17014100'),('MR17014101'),('MR17014101-C'),('MR17014102'),('MR17014102-C'),('MR17014105'),('MR17014105-C'),('MR17014200'),('MR17014201'),('MR17014201ME'),('MR17014205'),('MR17015101'),('MR17015101-C'),('MR17015102-C'),('MR17015105'),('MR17015105-C'),('MR17015111'),('MR17015200'),('MR17015201'),('MR17015201-C'),('MR17015202'),('MR17015202-C'),('MR17015205'),('MR17016200'),('MR17016201'),('MR17016201-C'),('MR17016202-C'),('MR17016205-C'),('MR17021101'),('MR17022601'),('MR17022621'),('MR17033100'),('MR17033101'),('MR17033101ME'),('MR17033102'),('MR17033105'),('MR17034100'),('MR17034101'),('MR17034101-C'),('MR17034101-KR'),('MR17034102'),('MR17034105'),('MR17034105-C'),('MR17034111'),('MR17035100'),('MR17035101'),('MR17035101-IL'),('MR17035101-KR'),('MR17035101-PE'),('MR17035102'),('MR17035102-KR'),('MR17035105'),('MR17035105-C'),('MR17035111'),('MR17035200'),('MR17035201'),('MR17035201-C'),('MR17035201-KR'),('MR17035202'),('MR17035202-KR'),('MR17035205'),('MR17035205-C'),('MR17035211'),('MR17035222'),('MR17036201'),('MR17036201-KR'),('MR17036202'),('MR17036202-KR'),('MR17036205'),('MR17036301'),('MR17036301-KR'),('MR17036302'),('MR17036302-KR'),('MR17036305'),('MR17036311'),('MR17036321'),('MR17036322'),('MR190703-C'),('MR190705'),('MR190803-C'),('MR190903-C'),('MR190904'),('MR190905'),('MR191003-C'),('MR191103-C'),('MR191203'),('MR191203-C'),('MR191303-C'),('MR191403-C'),('MR191503-C'),('MR191603-C'),('MR191703-C'),('MR192422'),('MR192511'),('MR28013121'),('MR28013151'),('MR28014221'),('MR28014251'),('MR28015251'),('MR28035101'),('MR28035101-C'),('MR28035101-KR'),('MR28035121'),('MR28035201'),('MR28035221'),('MR28036101'),('MR28036104'),('MR28036121'),('MR28036201'),('MR28036201-C'),('MR28036201-KR'),('MR28036204'),('MR28036221'),('MR28036301'),('MR28036304'),('MR28037101'),('MR28037104'),('MR28037201'),('MR28037201-KR'),('MR28037204'),('MR771401'),('MR771402'),('MR771403'),('MR771404'),('MR771405'),('MR81013100'),('MR81013101'),('MR81014100'),('MR81014101'),('MR81014200'),('MR81014201'),('MR81015201'),('MR82013100'),('MR82013101'),('MR82013105'),('MR82014100'),('MR82034101'),('MR82034102'),('MR82035101'),('MR82035201'),('MR82036301'),('MSC18S'),('MSC31S'),('MSC37S'),('MSC42S'),('MSC46S'),('MSNS019'),('MSNS019-CA'),('MSNS019S'),('MSNS023'),('MSNS023S'),('MSNS028'),('MSNS028-CA'),('MSNS028S'),('MSNS033'),('MSNS033-CA'),('MSNS033S'),('MSNS037'),('MSNS037-CA'),('MSNS037S'),('MSNS042'),('MSNS042-CA'),('MSNS042S'),('MSPS019'),('MSPS019-CA'),('MSPS019GL'),('MSPS019S'),('MSPS019SGL'),('MSPS023'),('MSPS023-CA'),('MSPS023GL'),('MSPS023S'),('MSPS023SGL'),('MSPS028'),('MSPS028-CA'),('MSPS028GL'),('MSPS028S'),('MSPS028SGL'),('MSPS033'),('MSPS033-CA'),('MSPS033GL'),('MSPS033S'),('MSPS033SGL'),('MUPS019'),('MUPS019-CA'),('MUPS019E.'),('MUPS019S'),('MUPS023'),('MUPS023-CA'),('MUPS023E.'),('MUPS023S'),('MUPS028'),('MUPS028-CA'),('MUPS028E.'),('MUPS028S'),('MUPS033'),('MUPS033-CA'),('MUPS033E.'),('MUPS033S'),('MVACT6T'),('MVACT6T-B'),('MVACT6T-BM'),('MVACT6T-M'),('NADC31S'),('NADC32S'),('NADC37S'),('NADC42S'),('NADC47S'),('NADC57C'),('NADC63C'),('NAPP40C'),('NAPP41S'),('NAPP46S'),('NASC31S'),('NDLPC13'),('NDLPC20'),('NDLPC24'),('NDLS13'),('NDLS15'),('NDLS24'),('NITDL28CK'),('NITDL32SK'),('NTPC1424'),('NTPC1428'),('PFMCT3SS'),('PFMCT4SLWS'),('PFMCT4SS'),('PFMCT5DLWS'),('PFMCT5DS'),('PFMCT5SLWS'),('PFMCT5SS'),('PL24'),('PL28'),('PL32'),('PL36'),('PL40'),('RMS11004'),('RMS19422'),('RMS23401'),('RMS23402'),('RMS23403'),('RMS23404'),('RMS23405'),('RMS23406'),('RMS23411'),('RMS23412'),('RMS23413'),('RMS23414'),('RMS23415'),('RMS23416'),('RMS23601'),('RMS23602'),('RMS23603'),('RMS23604'),('RMS23605'),('RMS23606'),('RMS23607'),('RMS23608'),('RMS23609'),('RMS23611'),('RMS23612'),('RMS23613'),('RMS23614'),('RMS23615'),('RMS23616'),('RMS23618'),('RMS23619'),('RMS23620'),('RMS29401'),('RMS29402'),('RMS29403'),('RMS29404'),('RMS29405'),('RMS29410'),('RMS29411'),('RMS29412'),('RMS29413'),('RMS29414'),('RMS29415'),('RMS29416'),('RMS29417'),('RMS29418'),('RMS29419'),('RMS29420'),('RMS29501'),('RMS29502'),('RMS29505'),('RMS29506'),('RMS29511'),('RMS29512'),('RMS29513'),('RMS29514'),('RMS29515'),('RMS29516'),('RMS52001'),('SDL1311E'),('SDL1314E'),('SL12P'),('SL18P'),('SL32C'),('SST24'),('SST24E.'),('SST24SE.'),('SST24WOE.'),('SST28'),('SST28E.'),('SST28SE.'),('SST28WOE.'),('SST32'),('SST32E.'),('SST32SE.'),('SST32WOE.'),('SST36'),('SST36E.'),('SST36SE.'),('SST36WOE.'),('SST40'),('SST40E.'),('SST40WOE.'),('S24SE.'),('S28SE.'),('S32SE.'),('S36SE.'),('THD155024'),('THD155024CD'),('THD155024SE.'),('THD155028'),('THD155028CD'),('THD155028SE.'),('THD155032'),('THD155032CD'),('THD155032SE.'),('THD155036'),('THD155036CD'),('THD155036SE.'),('THD155040'),('THD155040CD'),('THD155040SE.'),('THD155055'),('THD155055CD'),('THD155055SE.'),('THD155224'),('THD155224E.'),('THD155228'),('THD155228E.'),('THD155232'),('THD155232E.'),('THD155236'),('THD155236E.'),('THD155236S-C'),('THD155424'),('THD155424S-C'),('THD155424SE.'),('THD155428'),('THD155428S-C'),('THD155428SE.'),('THD155432'),('THD155432S-C'),('THD155432SE.'),('THD155436'),('THD155436S-C'),('THD155436SE.'),('THD155440'),('THD155440SE.'),('THD155455'),('THD155455S-C'),('THD155624'),('THD155624-C'),('THD155628'),('THD155632'),('THD155636'),('TRAY #552-3'),('TRAY #552-3PC'),('TRAY #552-3UP'),('TRAY #55216-3'),('TRAY #55216-3PC'),('TRAY #553-3'),('TRAY #553-3PC'),('TRAY #553-3UP'),('TRAY #55316-3'),('TRAY #55316-3PC'),('TRAY #593-3'),('TRAY #593-3PC'),('TRAY #593-3UP'),('TRAY #59316-3'),('TRAY #59316-3PC'),('TRAY #594-3'),('TRAY #594-3PC'),('TRAY #594-3UP'),('TRAY #59416-3'),('TRAY #59416-3PC'),('TRAY #634-3'),('TRAY #63416-3'),('TRAY #635-3'),('TRAY #63516-3'),('TRAY 24-3'),('TRAY 2416-3'),('TRAY 28-3'),('TRAY 2816-3'),('TRAY 32-3'),('TRAY 3216-3'),('TRAY 36-3'),('TRAY 3616-3'),('TRAY 40-3'),('TRAY 4016-3'),('TRAY 55-3'),('TRAY 5516-3'),('T119C'),('VP1.9S20'),('VP1.9S20-C'),('VP1.9S20-NS'),('VP1.9S20-NS-C'),('VP1.9S20-PE'),('VP1.9S50-C'),('VP1.9S50-NS'),('VP1.9S50-NS-C'),('VP1.9S50-NS-KR'),('VP1.9S50-PE'),('VP3S-MNS'),('VP4D-C-C'),('VP4D-MNS'),('VP4D-MNS-C'),('VP4S-C-C'),('VP4S-MNS'),('VP4SL-C-C'),('VP5D-C-C'),('VP5D-MNS'),('VP5D-MNS-C'),('VP5S-C-C'),('VP5S-MNS'),('VP5S-MNS-C'),('VP5SL-C-C'),('VT50335O'),('VT710240'),('VT710300'),('XTP114CT='),('XTP114IJC='),('XTP114IJS-2'),('XTP114MT'),('XTP116CT='),('XTP116IJC'),('XTP116IJS-2'),('XTP118CT='),('XTP118IJC'),('XTP118IJC='),('10301709'),('10301711'),('10301713'),('9-CT41010'),('9-CT52010'),('PT1040AE'),('PT1072E'),('PT2006AE'),('PT2012E'),('PT2020AE'),('PT2021E'),('PT2022AE'),('PT2024E'),('PT2025'),('PT2026'),('PT2026E'),('PT2033AE'),('PT2033BE'),('PT2038E'),('PT2039E'),('PT2042AE'),('PT2045E'),('PT2049E'),('PT2082E'),('PT2094E'),('PT2095B'),('PT2095BE'),('PT2113E'),('PT2115'),('PT2116E'),('PT2118E'),('PT2120E'),('PT2121E'),('PT2123AE'),('PT2123B'),('PT2123BE'),('PT2130E'),('PT2131E'),('PT2151E'),('PT2211'),('AC4553P-10'),('AC4556P'),('AC4557P'),('AC4558P'),('AC4643P'),('AC4644'),('AC4644P'),('AC4645PL'),('AC5043PL'),('AC5056PL'),('AC6170'),('AC6171PL'),('AC6172P'),('AC6174PL'),('AC6249');
/*!40000 ALTER TABLE `activeparts` ENABLE KEYS */;
UNLOCK TABLES;

--
-- Table structure for table `inserts`
--

DROP TABLE IF EXISTS `inserts`;
/*!40101 SET @saved_cs_client     = @@character_set_client */;
/*!40101 SET character_set_client = utf8 */;
CREATE TABLE `inserts` (
  `insert_id` int(11) NOT NULL AUTO_INCREMENT,
  `insert_pz` int(11) NOT NULL,
  `insert_position` varchar(255) NOT NULL,
  PRIMARY KEY (`insert_id`)
) ENGINE=InnoDB AUTO_INCREMENT=14 DEFAULT CHARSET=utf8mb4;
/*!40101 SET character_set_client = @saved_cs_client */;

--
-- Dumping data for table `inserts`
--

LOCK TABLES `inserts` WRITE;
/*!40000 ALTER TABLE `inserts` DISABLE KEYS */;
/*!40000 ALTER TABLE `inserts` ENABLE KEYS */;
UNLOCK TABLES;

--
-- Table structure for table `inserts_catalog`
--

DROP TABLE IF EXISTS `inserts_catalog`;
/*!40101 SET @saved_cs_client     = @@character_set_client */;
/*!40101 SET character_set_client = utf8 */;
CREATE TABLE `inserts_catalog` (
  `insert_id` int(11) NOT NULL AUTO_INCREMENT,
  `insert_no` varchar(255) NOT NULL,
  `insert_group` varchar(255) NOT NULL,
  `insert_description` varchar(255) NOT NULL,
  PRIMARY KEY (`insert_id`)
) ENGINE=InnoDB AUTO_INCREMENT=12 DEFAULT CHARSET=utf8mb4;
/*!40101 SET character_set_client = @saved_cs_client */;

--
-- Dumping data for table `inserts_catalog`
--

LOCK TABLES `inserts_catalog` WRITE;
/*!40000 ALTER TABLE `inserts_catalog` DISABLE KEYS */;
INSERT INTO `inserts_catalog` VALUES (2,'DWG1948','ACCESORIES|RUNNERS','RUNNERS BLOCK TO DILARORS'),(3,'T2076-2','INSERTS BOY','SHUTOFF FOR DILATOR'),(4,'T2076-1','INSERTS BOY','THREAD BLADE INSERT'),(6,'T2075','INSERTS BOY','BACK SECTION BETWEEN KNURL AND THREAD (DILATOR)'),(7,'T2047','inserts pivot','center knurl'),(8,'Pin051','hub pins','core pin 051\" x 2.5\" 8hts'),(9,'pin8f','numeral pin','numeral pin 8f (t2130-5)'),(10,'xnumero','boy','descrip'),(11,'xnumerodeparte','boy inserts','descr');
/*!40000 ALTER TABLE `inserts_catalog` ENABLE KEYS */;
UNLOCK TABLES;

--
-- Table structure for table `r_insert_sup`
--

DROP TABLE IF EXISTS `r_insert_sup`;
/*!40101 SET @saved_cs_client     = @@character_set_client */;
/*!40101 SET character_set_client = utf8 */;
CREATE TABLE `r_insert_sup` (
  `r_insert_sup_id` int(11) NOT NULL AUTO_INCREMENT,
  `r_sup_id` int(11) NOT NULL,
  `r_insert_id` int(11) NOT NULL,
  `r_insert_pz` varchar(255) NOT NULL,
  `r_insert_position` varchar(255) NOT NULL,
  PRIMARY KEY (`r_insert_sup_id`)
) ENGINE=InnoDB AUTO_INCREMENT=34 DEFAULT CHARSET=utf8mb4;
/*!40101 SET character_set_client = @saved_cs_client */;

--
-- Dumping data for table `r_insert_sup`
--

LOCK TABLES `r_insert_sup` WRITE;
/*!40000 ALTER TABLE `r_insert_sup` DISABLE KEYS */;
INSERT INTO `r_insert_sup` VALUES (22,18,2,'1','C'),(23,18,3,'12','C1'),(24,18,4,'12','C2'),(25,18,6,'12','C3'),(26,18,7,'6','c4b'),(27,19,2,'2','a1'),(28,19,8,'6','p'),(29,19,9,'6','p'),(30,20,10,'12','a3'),(31,20,2,'9','b2'),(32,21,11,'1','c1'),(33,21,2,'2','c3');
/*!40000 ALTER TABLE `r_insert_sup` ENABLE KEYS */;
UNLOCK TABLES;

--
-- Table structure for table `sup`
--

DROP TABLE IF EXISTS `sup`;
/*!40101 SET @saved_cs_client     = @@character_set_client */;
/*!40101 SET character_set_client = utf8 */;
CREATE TABLE `sup` (
  `id` int(11) NOT NULL AUTO_INCREMENT,
  `partno` varchar(255) NOT NULL,
  `partno_descrip` varchar(255) NOT NULL,
  `boy_sup` varchar(255) NOT NULL,
  `maquina` varchar(255) NOT NULL,
  `resina` varchar(255) NOT NULL,
  PRIMARY KEY (`id`)
) ENGINE=InnoDB AUTO_INCREMENT=22 DEFAULT CHARSET=utf8mb4;
/*!40101 SET character_set_client = @saved_cs_client */;

--
-- Dumping data for table `sup`
--

LOCK TABLES `sup` WRITE;
/*!40000 ALTER TABLE `sup` DISABLE KEYS */;
INSERT INTO `sup` VALUES (18,'AC1052MB','8F X 8 PP DILATOR WITH BARIUM','BOYSUP-0578','BOY-04','rm5004'),(19,'ac1052mb','8F X 8 PP DILATOR WITH BARIUM (2)','BOYSUP-0578-PIN','BOY04','RM5005'),(20,'ac97657','10F X 8 PP DILATOR WITH BARIUM','BOYSUP-0579','BOY09','RM5009'),(21,'ac007','9F X 9 PP dilator new','5789','boy25','rm007');
/*!40000 ALTER TABLE `sup` ENABLE KEYS */;
UNLOCK TABLES;

--
-- Table structure for table `sup_requests`
--

DROP TABLE IF EXISTS `sup_requests`;
/*!40101 SET @saved_cs_client     = @@character_set_client */;
/*!40101 SET character_set_client = utf8 */;
CREATE TABLE `sup_requests` (
  `request_id` int(11) NOT NULL AUTO_INCREMENT,
  `sup` int(11) NOT NULL,
  `created_at` datetime NOT NULL,
  `ready_at` datetime NOT NULL,
  `pickup_at` datetime NOT NULL,
  `pickup_by` varchar(255) NOT NULL,
  `delivered_by` varchar(255) NOT NULL,
  `status` int(1) NOT NULL DEFAULT 0 COMMENT '0 Pedida, 1 Aramada, 2 Entregada',
  PRIMARY KEY (`request_id`)
) ENGINE=InnoDB AUTO_INCREMENT=23 DEFAULT CHARSET=utf8mb4;
/*!40101 SET character_set_client = @saved_cs_client */;

--
-- Dumping data for table `sup_requests`
--

LOCK TABLES `sup_requests` WRITE;
/*!40000 ALTER TABLE `sup_requests` DISABLE KEYS */;
INSERT INTO `sup_requests` VALUES (7,18,'2022-06-03 15:14:47','0000-00-00 00:00:00','0000-00-00 00:00:00','','',0),(8,19,'2022-06-03 15:24:46','0000-00-00 00:00:00','0000-00-00 00:00:00','','',0),(9,18,'2022-06-03 16:52:00','0000-00-00 00:00:00','0000-00-00 00:00:00','','',0),(10,20,'2022-06-03 17:45:50','2022-06-03 17:47:07','2022-06-06 11:05:53','saul ruiz','tool crib emp',2),(11,20,'2022-06-06 11:34:46','2022-06-06 11:35:33','2022-06-06 11:36:21','jgaribay','jgomez',2),(12,21,'2022-06-06 11:38:33','0000-00-00 00:00:00','0000-00-00 00:00:00','','',0),(13,18,'2022-06-06 17:31:11','0000-00-00 00:00:00','0000-00-00 00:00:00','','',0),(14,18,'2022-06-06 17:40:40','0000-00-00 00:00:00','0000-00-00 00:00:00','','',0),(15,18,'2022-06-06 17:46:59','0000-00-00 00:00:00','0000-00-00 00:00:00','','',0),(16,18,'2022-06-06 17:55:25','0000-00-00 00:00:00','0000-00-00 00:00:00','','',0),(17,18,'2022-06-06 17:56:34','0000-00-00 00:00:00','0000-00-00 00:00:00','','',0),(18,18,'2022-06-06 18:02:10','0000-00-00 00:00:00','0000-00-00 00:00:00','','',0),(19,18,'2022-06-07 10:29:07','0000-00-00 00:00:00','0000-00-00 00:00:00','','',0),(20,18,'2022-06-07 11:02:03','0000-00-00 00:00:00','0000-00-00 00:00:00','','',0),(21,18,'2022-06-07 11:25:02','0000-00-00 00:00:00','0000-00-00 00:00:00','','',0),(22,18,'2022-06-07 11:28:14','0000-00-00 00:00:00','0000-00-00 00:00:00','','',0);
/*!40000 ALTER TABLE `sup_requests` ENABLE KEYS */;
UNLOCK TABLES;
/*!40103 SET TIME_ZONE=@OLD_TIME_ZONE */;

/*!40101 SET SQL_MODE=@OLD_SQL_MODE */;
/*!40014 SET FOREIGN_KEY_CHECKS=@OLD_FOREIGN_KEY_CHECKS */;
/*!40014 SET UNIQUE_CHECKS=@OLD_UNIQUE_CHECKS */;
/*!40101 SET CHARACTER_SET_CLIENT=@OLD_CHARACTER_SET_CLIENT */;
/*!40101 SET CHARACTER_SET_RESULTS=@OLD_CHARACTER_SET_RESULTS */;
/*!40101 SET COLLATION_CONNECTION=@OLD_COLLATION_CONNECTION */;
/*!40111 SET SQL_NOTES=@OLD_SQL_NOTES */;

-- Dump completed on 2022-06-14 17:08:35
